repo_url,stars,default_branch,commit_hash,clone_path,build_success,has_tests,test_projects_count,test_frameworks,public_method_count,loc_cs,passed_filters,fail_reasons
https://github.com/microsoft/PowerToys,128464,main,,,False,False,0,,0,0,False,"evaluation_error:Git clone failed: Cloning into 'repos\microsoft__PowerToys'...
Updating files:  21% (1581/7310)Updating files:  22% (1609/7310)Updating files:  23% (1682/7310)Updating files:  24% (1755/7310)Updating files:  25% (1828/7310)Updating files:  26% (1901/7310)Updating files:  27% (1974/7310)Updating files:  28% (2047/7310)Updating files:  29% (2120/7310)error: unable to create file src/modules/NewPlus/NewShellExtensionContextMenu/TemplateExamples/Any files or folders placed in the template folder are available via New+.txt: Filename too long
Updating files:  30% (2193/7310)Updating files:  31% (2267/7310)Updating files:  32% (2340/7310)Updating files:  33% (2413/7310)Updating files:  34% (2486/7310)Updating files:  35% (2559/7310)Updating files:  36% (2632/7310)Updating files:  37% (2705/7310)Updating files:  38% (2778/7310)error: unable to create file src/modules/cmdpal/ExtensionTemplate/TemplateCmdPalExtension/TemplateCmdPalExtension/Assets/Square44x44Logo.targetsize-24_altform-unplated.png: Filename too long
Updating files:  39% (2851/7310)Updating files:  40% (2924/7310)Updating files:  41% (2998/7310)Updating files:  42% (3071/7310)Updating files:  43% (3144/7310)Updating files:  44% (3217/7310)Updating files:  45% (3290/7310)Updating files:  46% (3363/7310)Updating files:  46% (3370/7310)Updating files:  47% (3436/7310)Updating files:  48% (3509/7310)Updating files:  49% (3582/7310)Updating files:  50% (3655/7310)Updating files:  51% (3729/7310)Updating files:  52% (3802/7310)Updating files:  53% (3875/7310)Updating files:  54% (3948/7310)Updating files:  55% (4021/7310)error: unable to create file src/modules/cmdpal/ext/SamplePagesExtension/Pages/IssueSpecificPages/SamplePageForIssue42827_FilterDropDownStaysVisibleAfterSwitchingFromListToContentPage.cs: Filename too long
Updating files:  56% (4094/7310)Updating files:  57% (4167/7310)Updating files:  58% (4240/7310)Updating files:  59% (4313/7310)Updating files:  60% (4386/7310)Updating files:  61% (4460/7310)Updating files:  62% (4533/7310)Updating files:  63% (4606/7310)Updating files:  64% (4679/7310)Updating files:  65% (4752/7310)Updating files:  66% (4825/7310)error: unable to create file src/modules/launcher/Plugins/Community.PowerToys.Run.Plugin.UnitConverter.UnitTest/Community.PowerToys.Run.Plugin.UnitConverter.UnitTest.csproj: Filename too long
Updating files:  67% (4898/7310)error: unable to create file src/modules/launcher/Plugins/Community.PowerToys.Run.Plugin.ValueGenerator.UnitTests/Community.PowerToys.Run.Plugin.ValueGenerator.UnitTests.csproj: Filename too long
Updating files:  68% (4971/7310)Updating files:  69% (5044/7310)Updating files:  70% (5117/7310)error: unable to create file src/modules/launcher/Plugins/Microsoft.PowerToys.Run.Plugin.Calculator.UnitTest/Microsoft.PowerToys.Run.Plugin.Calculator.UnitTest.csproj: Filename too long
Updating files:  71% (5191/7310)Updating files:  71% (5202/7310)Updating files:  72% (5264/7310)error: unable to create file src/modules/launcher/Plugins/Microsoft.PowerToys.Run.Plugin.TimeDate.UnitTests/Microsoft.PowerToys.Run.Plugin.TimeDate.UnitTests.csproj: Filename too long
error: unable to create file src/modules/launcher/Plugins/Microsoft.PowerToys.Run.Plugin.WindowsTerminal.UnitTests/Microsoft.Plugin.WindowsTerminal.UnitTests.csproj: Filename too long
Updating files:  73% (5337/7310)Updating files:  74% (5410/7310)Updating files:  75% (5483/7310)Updating files:  76% (5556/7310)Updating files:  77% (5629/7310)Updating files:  78% (5702/7310)Updating files:  79% (5775/7310)Updating files:  80% (5848/7310)Updating files:  81% (5922/7310)Updating files:  82% (5995/7310)Updating files:  83% (6068/7310)Updating files:  84% (6141/7310)Updating files:  85% (6214/7310)Updating files:  86% (6287/7310)Updating files:  87% (6360/7310)Updating files:  88% (6433/7310)Updating files:  89% (6506/7310)Updating files:  90% (6579/7310)error: unable to create file src/settings-ui/Settings.UI.UnitTests/BackwardsCompatibility/TestFiles/V0.21.1/Microsoft/PowerToys/Image Resizer/image-resizer-settings.json: Filename too long
error: unable to create file src/settings-ui/Settings.UI.UnitTests/BackwardsCompatibility/TestFiles/V0.21.1/Microsoft/PowerToys/PowerRename/power-rename-settings.json: Filename too long
error: unable to create file src/settings-ui/Settings.UI.UnitTests/BackwardsCompatibility/TestFiles/v0.18.2/Microsoft/PowerToys/Image Resizer/image-resizer-settings.json: Filename too long
error: unable to create file src/settings-ui/Settings.UI.UnitTests/BackwardsCompatibility/TestFiles/v0.18.2/Microsoft/PowerToys/PowerRename/power-rename-settings.json: Filename too long
error: unable to create file src/settings-ui/Settings.UI.UnitTests/BackwardsCompatibility/TestFiles/v0.19.2/Microsoft/PowerToys/Image Resizer/image-resizer-settings.json: Filename too long
Updating files:  91% (6653/7310)error: unable to create file src/settings-ui/Settings.UI.UnitTests/BackwardsCompatibility/TestFiles/v0.19.2/Microsoft/PowerToys/PowerRename/power-rename-settings.json: Filename too long
error: unable to create file src/settings-ui/Settings.UI.UnitTests/BackwardsCompatibility/TestFiles/v0.20.1/Microsoft/PowerToys/Image Resizer/image-resizer-settings.json: Filename too long
error: unable to create file src/settings-ui/Settings.UI.UnitTests/BackwardsCompatibility/TestFiles/v0.20.1/Microsoft/PowerToys/PowerRename/power-rename-settings.json: Filename too long
error: unable to create file src/settings-ui/Settings.UI.UnitTests/BackwardsCompatibility/TestFiles/v0.22.0/Microsoft/PowerToys/Image Resizer/image-resizer-settings.json: Filename too long
error: unable to create file src/settings-ui/Settings.UI.UnitTests/BackwardsCompatibility/TestFiles/v0.22.0/Microsoft/PowerToys/PowerRename/power-rename-settings.json: Filename too long
Updating files:  92% (6726/7310)Updating files:  93% (6799/7310)Updating files:  93% (6819/7310)Updating files:  94% (6872/7310)Updating files:  95% (6945/7310)Updating files:  96% (7018/7310)Updating files:  97% (7091/7310)Updating files:  98% (7164/7310)Updating files:  99% (7237/7310)Updating files: 100% (7310/7310)Updating files: 100% (7310/7310), done.
fatal: unable to checkout working tree
warning: Clone succeeded, but checkout failed.
You can inspect what was checked out with 'git status'
and retry with 'git restore --source=HEAD :/'

"
https://github.com/2dust/v2rayN,95556,master,9ea80671d361b19721861fbefb070fbd91ea9e25,repos\2dust__v2rayN,False,False,0,,493,32555,False,build_failed|no_tests
https://github.com/shadowsocks/shadowsocks-windows,59223,v4,891d971682eefcaa2e640258d3b352a3ad3b2233,repos\shadowsocks__shadowsocks-windows,True,True,1,,372,13136,True,
https://github.com/PowerShell/PowerShell,51270,master,,,False,False,0,,0,0,False,"evaluation_error:Git clone failed: Cloning into 'repos\PowerShell__PowerShell'...
Updating files:  65% (1747/2648)Updating files:  66% (1748/2648)Updating files:  67% (1775/2648)Updating files:  68% (1801/2648)Updating files:  69% (1828/2648)Updating files:  70% (1854/2648)Updating files:  71% (1881/2648)Updating files:  72% (1907/2648)Updating files:  73% (1934/2648)Updating files:  74% (1960/2648)Updating files:  75% (1986/2648)Updating files:  76% (2013/2648)Updating files:  77% (2039/2648)Updating files:  78% (2066/2648)Updating files:  79% (2092/2648)Updating files:  80% (2119/2648)Updating files:  81% (2145/2648)fatal: cannot create directory at 'test/powershell/Modules/Microsoft.PowerShell.Security/TestData/CatalogTestData/UserConfigProv/DSCResources/UserConfigProviderModVersion1': Filename too long
warning: Clone succeeded, but checkout failed.
You can inspect what was checked out with 'git status'
and retry with 'git restore --source=HEAD :/'

"
https://github.com/jellyfin/jellyfin,48043,master,,,False,False,0,,0,0,False,"evaluation_error:Git clone failed: Cloning into 'repos\jellyfin__jellyfin'...
error: unable to create file src/Jellyfin.Database/Jellyfin.Database.Providers.Sqlite/Migrations/20250913211637_AddProperParentChildRelationBaseItemWithCascade.Designer.cs: Filename too long
Updating files:  88% (2052/2330)Updating files:  89% (2074/2330)Updating files:  90% (2097/2330)Updating files:  91% (2121/2330)Updating files:  92% (2144/2330)Updating files:  93% (2167/2330)Updating files:  94% (2191/2330)Updating files:  95% (2214/2330)Updating files:  96% (2237/2330)Updating files:  97% (2261/2330)Updating files:  98% (2284/2330)Updating files:  99% (2307/2330)Updating files: 100% (2330/2330)Updating files: 100% (2330/2330), done.
fatal: unable to checkout working tree
warning: Clone succeeded, but checkout failed.
You can inspect what was checked out with 'git status'
and retry with 'git restore --source=HEAD :/'

"
https://github.com/files-community/Files,41530,main,,,False,False,0,,0,0,False,"evaluation_error:Git clone failed: Cloning into 'repos\files-community__Files'...
error: unable to create file src/Files.App (Package)/Assets/AppTiles/Preview/contrast-black/Square44x44Logo.targetsize-16_altform-lightunplated_contrast-black.png: Filename too long
error: unable to create file src/Files.App (Package)/Assets/AppTiles/Preview/contrast-black/Square44x44Logo.targetsize-20_altform-lightunplated_contrast-black.png: Filename too long
error: unable to create file src/Files.App (Package)/Assets/AppTiles/Preview/contrast-black/Square44x44Logo.targetsize-24_altform-lightunplated_contrast-black.png: Filename too long
error: unable to create file src/Files.App (Package)/Assets/AppTiles/Preview/contrast-black/Square44x44Logo.targetsize-256_altform-lightunplated_contrast-black.png: Filename too long
error: unable to create file src/Files.App (Package)/Assets/AppTiles/Preview/contrast-black/Square44x44Logo.targetsize-30_altform-lightunplated_contrast-black.png: Filename too long
error: unable to create file src/Files.App (Package)/Assets/AppTiles/Preview/contrast-black/Square44x44Logo.targetsize-32_altform-lightunplated_contrast-black.png: Filename too long
error: unable to create file src/Files.App (Package)/Assets/AppTiles/Preview/contrast-black/Square44x44Logo.targetsize-36_altform-lightunplated_contrast-black.png: Filename too long
error: unable to create file src/Files.App (Package)/Assets/AppTiles/Preview/contrast-black/Square44x44Logo.targetsize-40_altform-lightunplated_contrast-black.png: Filename too long
error: unable to create file src/Files.App (Package)/Assets/AppTiles/Preview/contrast-black/Square44x44Logo.targetsize-48_altform-lightunplated_contrast-black.png: Filename too long
error: unable to create file src/Files.App (Package)/Assets/AppTiles/Preview/contrast-black/Square44x44Logo.targetsize-60_altform-lightunplated_contrast-black.png: Filename too long
error: unable to create file src/Files.App (Package)/Assets/AppTiles/Preview/contrast-black/Square44x44Logo.targetsize-64_altform-lightunplated_contrast-black.png: Filename too long
error: unable to create file src/Files.App (Package)/Assets/AppTiles/Preview/contrast-black/Square44x44Logo.targetsize-72_altform-lightunplated_contrast-black.png: Filename too long
error: unable to create file src/Files.App (Package)/Assets/AppTiles/Preview/contrast-black/Square44x44Logo.targetsize-80_altform-lightunplated_contrast-black.png: Filename too long
error: unable to create file src/Files.App (Package)/Assets/AppTiles/Preview/contrast-black/Square44x44Logo.targetsize-96_altform-lightunplated_contrast-black.png: Filename too long
error: unable to create file src/Files.App (Package)/Assets/AppTiles/Preview/contrast-white/Square44x44Logo.targetsize-16_altform-lightunplated_contrast-white.png: Filename too long
error: unable to create file src/Files.App (Package)/Assets/AppTiles/Preview/contrast-white/Square44x44Logo.targetsize-20_altform-lightunplated_contrast-white.png: Filename too long
error: unable to create file src/Files.App (Package)/Assets/AppTiles/Preview/contrast-white/Square44x44Logo.targetsize-24_altform-lightunplated_contrast-white.png: Filename too long
error: unable to create file src/Files.App (Package)/Assets/AppTiles/Preview/contrast-white/Square44x44Logo.targetsize-256_altform-lightunplated_contrast-white.png: Filename too long
error: unable to create file src/Files.App (Package)/Assets/AppTiles/Preview/contrast-white/Square44x44Logo.targetsize-30_altform-lightunplated_contrast-white.png: Filename too long
error: unable to create file src/Files.App (Package)/Assets/AppTiles/Preview/contrast-white/Square44x44Logo.targetsize-32_altform-lightunplated_contrast-white.png: Filename too long
error: unable to create file src/Files.App (Package)/Assets/AppTiles/Preview/contrast-white/Square44x44Logo.targetsize-36_altform-lightunplated_contrast-white.png: Filename too long
error: unable to create file src/Files.App (Package)/Assets/AppTiles/Preview/contrast-white/Square44x44Logo.targetsize-40_altform-lightunplated_contrast-white.png: Filename too long
error: unable to create file src/Files.App (Package)/Assets/AppTiles/Preview/contrast-white/Square44x44Logo.targetsize-48_altform-lightunplated_contrast-white.png: Filename too long
error: unable to create file src/Files.App (Package)/Assets/AppTiles/Preview/contrast-white/Square44x44Logo.targetsize-60_altform-lightunplated_contrast-white.png: Filename too long
error: unable to create file src/Files.App (Package)/Assets/AppTiles/Preview/contrast-white/Square44x44Logo.targetsize-64_altform-lightunplated_contrast-white.png: Filename too long
error: unable to create file src/Files.App (Package)/Assets/AppTiles/Preview/contrast-white/Square44x44Logo.targetsize-72_altform-lightunplated_contrast-white.png: Filename too long
error: unable to create file src/Files.App (Package)/Assets/AppTiles/Preview/contrast-white/Square44x44Logo.targetsize-80_altform-lightunplated_contrast-white.png: Filename too long
error: unable to create file src/Files.App (Package)/Assets/AppTiles/Preview/contrast-white/Square44x44Logo.targetsize-96_altform-lightunplated_contrast-white.png: Filename too long
error: unable to create file src/Files.App (Package)/Assets/AppTiles/Release/contrast-black/Square44x44Logo.targetsize-16_altform-lightunplated_contrast-black.png: Filename too long
error: unable to create file src/Files.App (Package)/Assets/AppTiles/Release/contrast-black/Square44x44Logo.targetsize-20_altform-lightunplated_contrast-black.png: Filename too long
error: unable to create file src/Files.App (Package)/Assets/AppTiles/Release/contrast-black/Square44x44Logo.targetsize-24_altform-lightunplated_contrast-black.png: Filename too long
error: unable to create file src/Files.App (Package)/Assets/AppTiles/Release/contrast-black/Square44x44Logo.targetsize-256_altform-lightunplated_contrast-black.png: Filename too long
error: unable to create file src/Files.App (Package)/Assets/AppTiles/Release/contrast-black/Square44x44Logo.targetsize-30_altform-lightunplated_contrast-black.png: Filename too long
error: unable to create file src/Files.App (Package)/Assets/AppTiles/Release/contrast-black/Square44x44Logo.targetsize-32_altform-lightunplated_contrast-black.png: Filename too long
error: unable to create file src/Files.App (Package)/Assets/AppTiles/Release/contrast-black/Square44x44Logo.targetsize-36_altform-lightunplated_contrast-black.png: Filename too long
error: unable to create file src/Files.App (Package)/Assets/AppTiles/Release/contrast-black/Square44x44Logo.targetsize-40_altform-lightunplated_contrast-black.png: Filename too long
error: unable to create file src/Files.App (Package)/Assets/AppTiles/Release/contrast-black/Square44x44Logo.targetsize-48_altform-lightunplated_contrast-black.png: Filename too long
error: unable to create file src/Files.App (Package)/Assets/AppTiles/Release/contrast-black/Square44x44Logo.targetsize-60_altform-lightunplated_contrast-black.png: Filename too long
error: unable to create file src/Files.App (Package)/Assets/AppTiles/Release/contrast-black/Square44x44Logo.targetsize-64_altform-lightunplated_contrast-black.png: Filename too long
error: unable to create file src/Files.App (Package)/Assets/AppTiles/Release/contrast-black/Square44x44Logo.targetsize-72_altform-lightunplated_contrast-black.png: Filename too long
error: unable to create file src/Files.App (Package)/Assets/AppTiles/Release/contrast-black/Square44x44Logo.targetsize-80_altform-lightunplated_contrast-black.png: Filename too long
error: unable to create file src/Files.App (Package)/Assets/AppTiles/Release/contrast-black/Square44x44Logo.targetsize-96_altform-lightunplated_contrast-black.png: Filename too long
error: unable to create file src/Files.App (Package)/Assets/AppTiles/Release/contrast-white/Square44x44Logo.targetsize-16_altform-lightunplated_contrast-white.png: Filename too long
error: unable to create file src/Files.App (Package)/Assets/AppTiles/Release/contrast-white/Square44x44Logo.targetsize-20_altform-lightunplated_contrast-white.png: Filename too long
error: unable to create file src/Files.App (Package)/Assets/AppTiles/Release/contrast-white/Square44x44Logo.targetsize-24_altform-lightunplated_contrast-white.png: Filename too long
error: unable to create file src/Files.App (Package)/Assets/AppTiles/Release/contrast-white/Square44x44Logo.targetsize-256_altform-lightunplated_contrast-white.png: Filename too long
error: unable to create file src/Files.App (Package)/Assets/AppTiles/Release/contrast-white/Square44x44Logo.targetsize-30_altform-lightunplated_contrast-white.png: Filename too long
error: unable to create file src/Files.App (Package)/Assets/AppTiles/Release/contrast-white/Square44x44Logo.targetsize-32_altform-lightunplated_contrast-white.png: Filename too long
error: unable to create file src/Files.App (Package)/Assets/AppTiles/Release/contrast-white/Square44x44Logo.targetsize-36_altform-lightunplated_contrast-white.png: Filename too long
error: unable to create file src/Files.App (Package)/Assets/AppTiles/Release/contrast-white/Square44x44Logo.targetsize-40_altform-lightunplated_contrast-white.png: Filename too long
error: unable to create file src/Files.App (Package)/Assets/AppTiles/Release/contrast-white/Square44x44Logo.targetsize-48_altform-lightunplated_contrast-white.png: Filename too long
error: unable to create file src/Files.App (Package)/Assets/AppTiles/Release/contrast-white/Square44x44Logo.targetsize-60_altform-lightunplated_contrast-white.png: Filename too long
error: unable to create file src/Files.App (Package)/Assets/AppTiles/Release/contrast-white/Square44x44Logo.targetsize-64_altform-lightunplated_contrast-white.png: Filename too long
error: unable to create file src/Files.App (Package)/Assets/AppTiles/Release/contrast-white/Square44x44Logo.targetsize-72_altform-lightunplated_contrast-white.png: Filename too long
error: unable to create file src/Files.App (Package)/Assets/AppTiles/Release/contrast-white/Square44x44Logo.targetsize-80_altform-lightunplated_contrast-white.png: Filename too long
error: unable to create file src/Files.App (Package)/Assets/AppTiles/Release/contrast-white/Square44x44Logo.targetsize-96_altform-lightunplated_contrast-white.png: Filename too long
Updating files:  93% (2050/2192)Updating files:  94% (2061/2192)Updating files:  95% (2083/2192)Updating files:  96% (2105/2192)Updating files:  97% (2127/2192)Updating files:  98% (2149/2192)Updating files:  99% (2171/2192)Updating files: 100% (2192/2192)Updating files: 100% (2192/2192), done.
fatal: unable to checkout working tree
warning: Clone succeeded, but checkout failed.
You can inspect what was checked out with 'git status'
and retry with 'git restore --source=HEAD :/'

"
https://github.com/dotnet/aspnetcore,37624,main,,,False,False,0,,0,0,False,"evaluation_error:Git clone failed: Cloning into 'repos\dotnet__aspnetcore'...
error: unable to create file src/Components/QuickGrid/Microsoft.AspNetCore.Components.QuickGrid.EntityFrameworkAdapter/src/EntityFrameworkAdapterServiceCollectionExtensions.cs: Filename too long
error: unable to create file src/Components/QuickGrid/Microsoft.AspNetCore.Components.QuickGrid.EntityFrameworkAdapter/src/Microsoft.AspNetCore.Components.QuickGrid.EntityFrameworkAdapter.csproj: Filename too long
error: unable to create file src/Components/WebAssembly/WebAssembly.Authentication/src/Microsoft.AspNetCore.Components.WebAssembly.Authentication.WarningSuppressions.xml: Filename too long
Updating files:  12% (2045/16580)Updating files:  13% (2156/16580)Updating files:  14% (2322/16580)Updating files:  15% (2487/16580)error: unable to create file src/Components/test/testassets/Components.TestServer/RazorComponents/Pages/FocusOnNavigate/StaticallyRenderedWithOtherFocusedElement.razor: Filename too long
error: unable to create file src/Components/test/testassets/Components.TestServer/RazorComponents/Pages/Forms/DefaultFormBoundComplexTypeParameterMultipleComponents.razor: Filename too long
error: unable to create file src/Components/test/testassets/Components.TestServer/RazorComponents/Pages/Forms/DefaultFormBoundMultiplePrimitiveParametersChangedNames.razor: Filename too long
error: unable to create file src/Components/test/testassets/Components.TestServer/RazorComponents/Pages/Forms/FormRenderedWithServerInteractivityCanUseAntiforgeryToken.razor: Filename too long
error: unable to create file src/Components/test/testassets/Components.TestServer/RazorComponents/Pages/Forms/NamedFormBoundPrimitiveParameterValidatorIntegration.razor: Filename too long
Updating files:  16% (2653/16580)error: unable to create file src/Components/test/testassets/Components.TestServer/RazorComponents/Pages/PersistentState/PageWithDeclarativeEnhancedNavigationPersistentComponents.razor: Filename too long
warning: unable to access 'src/Components/test/testassets/Components.TestServer/RazorComponents/Pages/StreamingRendering/InteractiveComponentInLayout/.gitattributes': Filename too long
error: unable to create file src/Components/test/testassets/Components.TestServer/RazorComponents/Pages/StreamingRendering/InteractiveComponentInLayout/LayoutWithInteractiveComponent.razor: Filename too long
error: unable to create file src/Components/test/testassets/Components.TestServer/RazorComponents/Pages/StreamingRendering/InteractiveComponentInLayout/NonStreamingPage.razor: Filename too long
error: unable to create file src/Components/test/testassets/Components.TestServer/RazorComponents/Pages/StreamingRendering/InteractiveComponentInLayout/StreamingPage.razor: Filename too long
Updating files:  17% (2819/16580)Updating files:  18% (2985/16580)error: unable to create file src/DataProtection/DataProtection/test/Microsoft.AspNetCore.DataProtection.Tests/AuthenticatedEncryption/CngCbcAuthenticatedEncryptorFactoryTest.cs: Filename too long
error: unable to create file src/DataProtection/DataProtection/test/Microsoft.AspNetCore.DataProtection.Tests/AuthenticatedEncryption/CngGcmAuthenticatedEncryptorFactoryTest.cs: Filename too long
warning: unable to access 'src/DataProtection/DataProtection/test/Microsoft.AspNetCore.DataProtection.Tests/AuthenticatedEncryption/ConfigurationModel/.gitattributes': Filename too long
error: unable to create file src/DataProtection/DataProtection/test/Microsoft.AspNetCore.DataProtection.Tests/AuthenticatedEncryption/ConfigurationModel/AuthenticatedEncryptorDescriptorDeserializerTests.cs: Filename too long
error: unable to create file src/DataProtection/DataProtection/test/Microsoft.AspNetCore.DataProtection.Tests/AuthenticatedEncryption/ConfigurationModel/AuthenticatedEncryptorDescriptorTests.cs: Filename too long
error: unable to create file src/DataProtection/DataProtection/test/Microsoft.AspNetCore.DataProtection.Tests/AuthenticatedEncryption/ConfigurationModel/CngCbcAuthenticatedEncryptorConfigurationTests.cs: Filename too long
error: unable to create file src/DataProtection/DataProtection/test/Microsoft.AspNetCore.DataProtection.Tests/AuthenticatedEncryption/ConfigurationModel/CngCbcAuthenticatedEncryptorDescriptorDeserializerTests.cs: Filename too long
error: unable to create file src/DataProtection/DataProtection/test/Microsoft.AspNetCore.DataProtection.Tests/AuthenticatedEncryption/ConfigurationModel/CngCbcAuthenticatedEncryptorDescriptorTests.cs: Filename too long
error: unable to create file src/DataProtection/DataProtection/test/Microsoft.AspNetCore.DataProtection.Tests/AuthenticatedEncryption/ConfigurationModel/CngGcmAuthenticatedEncryptorConfigurationTests.cs: Filename too long
error: unable to create file src/DataProtection/DataProtection/test/Microsoft.AspNetCore.DataProtection.Tests/AuthenticatedEncryption/ConfigurationModel/CngGcmAuthenticatedEncryptorDescriptorDeserializerTests.cs: Filename too long
error: unable to create file src/DataProtection/DataProtection/test/Microsoft.AspNetCore.DataProtection.Tests/AuthenticatedEncryption/ConfigurationModel/CngGcmAuthenticatedEncryptorDescriptorTests.cs: Filename too long
error: unable to create file src/DataProtection/DataProtection/test/Microsoft.AspNetCore.DataProtection.Tests/AuthenticatedEncryption/ConfigurationModel/ManagedAuthenticatedEncryptorConfigurationTests.cs: Filename too long
error: unable to create file src/DataProtection/DataProtection/test/Microsoft.AspNetCore.DataProtection.Tests/AuthenticatedEncryption/ConfigurationModel/ManagedAuthenticatedEncryptorDescriptorDeserializerTests.cs: Filename too long
error: unable to create file src/DataProtection/DataProtection/test/Microsoft.AspNetCore.DataProtection.Tests/AuthenticatedEncryption/ConfigurationModel/ManagedAuthenticatedEncryptorDescriptorTests.cs: Filename too long
error: unable to create file src/DataProtection/DataProtection/test/Microsoft.AspNetCore.DataProtection.Tests/AuthenticatedEncryption/ManagedAuthenticatedEncryptorFactoryTest.cs: Filename too long
Updating files:  19% (3151/16580)error: unable to create file src/DataProtection/DataProtection/test/Microsoft.AspNetCore.DataProtection.Tests/KeyManagement/AdditionalAuthenticatedDataTemplateTests.cs: Filename too long
error: unable to create file src/DataProtection/DataProtection/test/Microsoft.AspNetCore.DataProtection.Tests/KeyManagement/KeyEscrowServiceProviderExtensionsTests.cs: Filename too long
error: unable to create file src/DataProtection/DataProtection/test/Microsoft.AspNetCore.DataProtection.TrimmingTests/Microsoft.AspNetCore.DataProtection.TrimmingTests.proj: Filename too long
error: unable to create file src/DataProtection/benchmarks/Microsoft.AspNetCore.DataProtection.MicroBenchmarks/Microsoft.AspNetCore.DataProtection.MicroBenchmarks.csproj: Filename too long
Updating files:  20% (3316/16580)Updating files:  21% (3482/16580)Updating files:  22% (3648/16580)Updating files:  23% (3814/16580)error: unable to create file src/Grpc/JsonTranscoding/test/Microsoft.AspNetCore.Grpc.JsonTranscoding.IntegrationTests/Microsoft.AspNetCore.Grpc.JsonTranscoding.IntegrationTests.csproj: Filename too long
error: unable to create file src/Grpc/JsonTranscoding/test/Microsoft.AspNetCore.Grpc.JsonTranscoding.Tests/TestObjects/Services/JsonTranscodingInvalidBodyGreeterService.cs: Filename too long
error: unable to create file src/Grpc/JsonTranscoding/test/Microsoft.AspNetCore.Grpc.JsonTranscoding.Tests/TestObjects/Services/JsonTranscodingInvalidNestedBodyGreeterService.cs: Filename too long
error: unable to create file src/Grpc/JsonTranscoding/test/Microsoft.AspNetCore.Grpc.JsonTranscoding.Tests/TestObjects/Services/JsonTranscodingInvalidNestedResponseBodyGreeterService.cs: Filename too long
error: unable to create file src/Grpc/JsonTranscoding/test/Microsoft.AspNetCore.Grpc.JsonTranscoding.Tests/TestObjects/Services/JsonTranscodingInvalidPatternGreeterService.cs: Filename too long
error: unable to create file src/Grpc/JsonTranscoding/test/Microsoft.AspNetCore.Grpc.JsonTranscoding.Tests/TestObjects/Services/JsonTranscodingInvalidResponseBodyGreeterService.cs: Filename too long
Updating files:  24% (3980/16580)Updating files:  24% (3998/16580)Updating files:  25% (4145/16580)Updating files:  26% (4311/16580)Updating files:  27% (4477/16580)error: unable to create file src/Http/Http.Extensions/gen/Microsoft.AspNetCore.Http.RequestDelegateGenerator/Microsoft.AspNetCore.Http.RequestDelegateGenerator.csproj: Filename too long
error: unable to create file src/Http/Http.Extensions/gen/Microsoft.AspNetCore.Http.RequestDelegateGenerator/StaticRouteHandlerModel/Emitters/EndpointJsonPreparationEmitter.cs: Filename too long
error: unable to create file src/Http/Http.Extensions/gen/Microsoft.AspNetCore.Http.RequestDelegateGenerator/StaticRouteHandlerModel/Emitters/EndpointParameterEmitter.cs: Filename too long
error: unable to create file src/Http/Http.Extensions/gen/Microsoft.AspNetCore.Http.RequestDelegateGenerator/StaticRouteHandlerModel/Model/EndpointParameterExtensions.cs: Filename too long
error: unable to create file src/Http/Http.Extensions/gen/Microsoft.AspNetCore.Http.RequestDelegateGenerator/StaticRouteHandlerModel/StaticRouteHandlerModel.Emitter.cs: Filename too long
error: unable to create file src/Http/Http.Extensions/test/RequestDelegateGenerator/Baselines/MapAction_ExplicitQuery_IntArrayParam_Optional_QueryNotPresent.generated.txt: Filename too long
error: unable to create file src/Http/Http.Extensions/test/RequestDelegateGenerator/Baselines/MapAction_ExplicitQuery_NullableIntArrayParam_Optional_QueryNotPresent.generated.txt: Filename too long
error: unable to create file src/Http/Http.Extensions/test/RequestDelegateGenerator/Baselines/MapAction_ExplicitQuery_StringArrayParam_Optional_QueryNotPresent.generated.txt: Filename too long
error: unable to create file src/Http/Http.Extensions/test/RequestDelegateGenerator/Baselines/MapAction_ImplicitQuery_IntArrayParam_Optional_QueryNotPresent.generated.txt: Filename too long
error: unable to create file src/Http/Http.Extensions/test/RequestDelegateGenerator/Baselines/MapAction_ImplicitQuery_NullableIntArrayParam_Optional_QueryNotPresent.generated.txt: Filename too long
error: unable to create file src/Http/Http.Extensions/test/RequestDelegateGenerator/Baselines/MapAction_ImplicitQuery_NullableStringArrayParam_EmptyQueryValues.generated.txt: Filename too long
error: unable to create file src/Http/Http.Extensions/test/RequestDelegateGenerator/Baselines/MapAction_ImplicitQuery_NullableStringArrayParam_QueryNotPresent.generated.txt: Filename too long
error: unable to create file src/Http/Http.Extensions/test/RequestDelegateGenerator/Baselines/MapAction_ImplicitQuery_StringArrayParam_Optional_QueryNotPresent.generated.txt: Filename too long
error: unable to create file src/Http/Http.Extensions/test/RequestDelegateGenerator/Baselines/MapAction_SingleNullableStringParam_WithEmptyQueryStringValueProvided_StringReturn.generated.txt: Filename too long
error: unable to create file src/Http/Http.Extensions/test/RequestDelegateGenerator/Baselines/MapMethods_Get_WithArrayQueryString_AndBody_ShouldUseQueryString.generated.txt: Filename too long
error: unable to create file src/Http/Http.Extensions/test/RequestDelegateGenerator/Baselines/MapMethods_PostAndGet_WithArrayQueryString_AndBody_ShouldUseQueryString.generated.txt: Filename too long
error: unable to create file src/Http/Http.Extensions/test/RequestDelegateGenerator/Baselines/MapMethods_PostAndPut_WithArrayQueryString_AndBody_ShouldUseBody.generated.txt: Filename too long
error: unable to create file src/Http/Http.Extensions/test/RequestDelegateGenerator/Baselines/MapMethods_Post_WithArrayQueryString_AndBody_ShouldUseBody.generated.txt: Filename too long
Updating files:  28% (4643/16580)Updating files:  29% (4809/16580)Updating files:  30% (4974/16580)Updating files:  31% (5140/16580)Updating files:  32% (5306/16580)Updating files:  33% (5472/16580)Updating files:  34% (5638/16580)Updating files:  35% (5803/16580)Updating files:  36% (5969/16580)Updating files:  36% (6004/16580)Updating files:  37% (6135/16580)Updating files:  38% (6301/16580)Updating files:  39% (6467/16580)error: unable to create file src/Localization/Localization/test/Microsoft.Extensions.Localization.RootNamespace.Tests/Microsoft.Extensions.Localization.RootNamespace.Tests.csproj: Filename too long
Updating files:  40% (6632/16580)Updating files:  41% (6798/16580)Updating files:  42% (6964/16580)error: unable to create file src/Middleware/Microsoft.AspNetCore.OutputCaching.StackExchangeRedis/test/Microsoft.AspNetCore.OutputCaching.StackExchangeRedis.Tests.csproj: Filename too long
Updating files:  43% (7130/16580)Updating files:  44% (7296/16580)Updating files:  45% (7461/16580)Updating files:  46% (7627/16580)Updating files:  46% (7734/16580)Updating files:  47% (7793/16580)error: unable to create file src/Mvc/Mvc.Api.Analyzers/test/TestFiles/AddResponseTypeAttributeCodeFixProviderIntegrationTest/CodeFixAddsFullyQualifiedProducesResponseType.Input.cs: Filename too long
error: unable to create file src/Mvc/Mvc.Api.Analyzers/test/TestFiles/AddResponseTypeAttributeCodeFixProviderIntegrationTest/CodeFixAddsFullyQualifiedProducesResponseType.Output.cs: Filename too long
error: unable to create file src/Mvc/Mvc.Api.Analyzers/test/TestFiles/AddResponseTypeAttributeCodeFixProviderIntegrationTest/CodeFixAddsMissingStatusCodesAndTypes.Input.cs: Filename too long
error: unable to create file src/Mvc/Mvc.Api.Analyzers/test/TestFiles/AddResponseTypeAttributeCodeFixProviderIntegrationTest/CodeFixAddsMissingStatusCodesAndTypes.Output.cs: Filename too long
error: unable to create file src/Mvc/Mvc.Api.Analyzers/test/TestFiles/AddResponseTypeAttributeCodeFixProviderIntegrationTest/CodeFixAddsNumericLiteralForNonExistingStatusCodeConstants.Input.cs: Filename too long
error: unable to create file src/Mvc/Mvc.Api.Analyzers/test/TestFiles/AddResponseTypeAttributeCodeFixProviderIntegrationTest/CodeFixAddsNumericLiteralForNonExistingStatusCodeConstants.Output.cs: Filename too long
error: unable to create file src/Mvc/Mvc.Api.Analyzers/test/TestFiles/AddResponseTypeAttributeCodeFixProviderIntegrationTest/CodeFixAddsResponseTypeWhenDifferentFromErrorType.Input.cs: Filename too long
error: unable to create file src/Mvc/Mvc.Api.Analyzers/test/TestFiles/AddResponseTypeAttributeCodeFixProviderIntegrationTest/CodeFixAddsResponseTypeWhenDifferentFromErrorType.Output.cs: Filename too long
error: unable to create file src/Mvc/Mvc.Api.Analyzers/test/TestFiles/AddResponseTypeAttributeCodeFixProviderIntegrationTest/CodeFixAddsStatusCodesFromConstructorParameters.Input.cs: Filename too long
error: unable to create file src/Mvc/Mvc.Api.Analyzers/test/TestFiles/AddResponseTypeAttributeCodeFixProviderIntegrationTest/CodeFixAddsStatusCodesFromConstructorParameters.Output.cs: Filename too long
error: unable to create file src/Mvc/Mvc.Api.Analyzers/test/TestFiles/AddResponseTypeAttributeCodeFixProviderIntegrationTest/CodeFixAddsStatusCodesFromMethodParameters.Input.cs: Filename too long
error: unable to create file src/Mvc/Mvc.Api.Analyzers/test/TestFiles/AddResponseTypeAttributeCodeFixProviderIntegrationTest/CodeFixAddsStatusCodesFromMethodParameters.Output.cs: Filename too long
error: unable to create file src/Mvc/Mvc.Api.Analyzers/test/TestFiles/AddResponseTypeAttributeCodeFixProviderIntegrationTest/CodeFixAddsStatusCodesFromObjectInitializer.Input.cs: Filename too long
error: unable to create file src/Mvc/Mvc.Api.Analyzers/test/TestFiles/AddResponseTypeAttributeCodeFixProviderIntegrationTest/CodeFixAddsStatusCodesFromObjectInitializer.Output.cs: Filename too long
error: unable to create file src/Mvc/Mvc.Api.Analyzers/test/TestFiles/AddResponseTypeAttributeCodeFixProviderIntegrationTest/CodeFixWithConventionAddsMissingStatusCodes.Input.cs: Filename too long
error: unable to create file src/Mvc/Mvc.Api.Analyzers/test/TestFiles/AddResponseTypeAttributeCodeFixProviderIntegrationTest/CodeFixWithConventionAddsMissingStatusCodes.Output.cs: Filename too long
error: unable to create file src/Mvc/Mvc.Api.Analyzers/test/TestFiles/AddResponseTypeAttributeCodeFixProviderIntegrationTest/CodeFixWithConventionMethodAddsMissingStatusCodes.Input.cs: Filename too long
error: unable to create file src/Mvc/Mvc.Api.Analyzers/test/TestFiles/AddResponseTypeAttributeCodeFixProviderIntegrationTest/CodeFixWithConventionMethodAddsMissingStatusCodes.Output.cs: Filename too long
error: unable to create file src/Mvc/Mvc.Api.Analyzers/test/TestFiles/AddResponseTypeAttributeCodeFixProviderIntegrationTest/CodeFixWorksOnExpressionBodiedMethod.Input.cs: Filename too long
error: unable to create file src/Mvc/Mvc.Api.Analyzers/test/TestFiles/AddResponseTypeAttributeCodeFixProviderIntegrationTest/CodeFixWorksOnExpressionBodiedMethod.Output.cs: Filename too long
error: unable to create file src/Mvc/Mvc.Api.Analyzers/test/TestFiles/AddResponseTypeAttributeCodeFixProviderIntegrationTest/CodeFixWorksWhenMultipleIdenticalStatusCodesAreInError.Input.cs: Filename too long
error: unable to create file src/Mvc/Mvc.Api.Analyzers/test/TestFiles/AddResponseTypeAttributeCodeFixProviderIntegrationTest/CodeFixWorksWhenMultipleIdenticalStatusCodesAreInError.Output.cs: Filename too long
error: unable to create file src/Mvc/Mvc.Api.Analyzers/test/TestFiles/AddResponseTypeAttributeCodeFixProviderIntegrationTest/CodeFixWorksWithValidationProblem.Input.cs: Filename too long
error: unable to create file src/Mvc/Mvc.Api.Analyzers/test/TestFiles/AddResponseTypeAttributeCodeFixProviderIntegrationTest/CodeFixWorksWithValidationProblem.Output.cs: Filename too long
error: unable to create file src/Mvc/Mvc.Api.Analyzers/test/TestFiles/ApiActionsDoNotRequireExplicitModelValidationCheckAnalyzerIntegrationTest/DiagnosticsAreReturned_ForApiActionsWithModelStateChecks.cs: Filename too long
error: unable to create file src/Mvc/Mvc.Api.Analyzers/test/TestFiles/ApiActionsDoNotRequireExplicitModelValidationCheckAnalyzerIntegrationTest/DiagnosticsAreReturned_ForApiActionsWithModelStateChecksUsingEquality.cs: Filename too long
error: unable to create file src/Mvc/Mvc.Api.Analyzers/test/TestFiles/ApiActionsDoNotRequireExplicitModelValidationCheckAnalyzerIntegrationTest/DiagnosticsAreReturned_ForApiActionsWithModelStateChecksWithoutBracing.cs: Filename too long
error: unable to create file src/Mvc/Mvc.Api.Analyzers/test/TestFiles/ApiActionsDoNotRequireExplicitModelValidationCheckAnalyzerIntegrationTest/NoDiagnosticsAreReturned_ForApiActionsCheckingAdditionalConditions.cs: Filename too long
error: unable to create file src/Mvc/Mvc.Api.Analyzers/test/TestFiles/ApiActionsDoNotRequireExplicitModelValidationCheckAnalyzerIntegrationTest/NoDiagnosticsAreReturned_ForApiActionsReturning400FromNonModelStateIsValidBlocks.cs: Filename too long
error: unable to create file src/Mvc/Mvc.Api.Analyzers/test/TestFiles/ApiActionsDoNotRequireExplicitModelValidationCheckAnalyzerIntegrationTest/NoDiagnosticsAreReturned_ForApiActionsReturningNot400FromNonModelStateIsValidBlock.cs: Filename too long
error: unable to create file src/Mvc/Mvc.Api.Analyzers/test/TestFiles/ApiActionsDoNotRequireExplicitModelValidationCheckAnalyzerIntegrationTest/NoDiagnosticsAreReturned_ForApiActionsWithoutModelStateChecks.cs: Filename too long
Updating files:  48% (7959/16580)error: unable to create file src/Mvc/Mvc.Api.Analyzers/test/TestFiles/ApiActionsDoNotRequireExplicitModelValidationCheckAnalyzerIntegrationTest/NoDiagnosticsAreReturned_ForNonApiController.cs: Filename too long
error: unable to create file src/Mvc/Mvc.Api.Analyzers/test/TestFiles/ApiActionsDoNotRequireExplicitModelValidationCheckAnalyzerIntegrationTest/NoDiagnosticsAreReturned_ForRazorPageModels.cs: Filename too long
error: unable to create file src/Mvc/Mvc.Api.Analyzers/test/TestFiles/ApiActionsDoNotRequireExplicitModelValidationCheckCodeFixProviderTest/CodeFixRemovesIfBlockWithoutBraces.Input.cs: Filename too long
error: unable to create file src/Mvc/Mvc.Api.Analyzers/test/TestFiles/ApiActionsDoNotRequireExplicitModelValidationCheckCodeFixProviderTest/CodeFixRemovesIfBlockWithoutBraces.Output.cs: Filename too long
error: unable to create file src/Mvc/Mvc.Api.Analyzers/test/TestFiles/ApiActionsDoNotRequireExplicitModelValidationCheckCodeFixProviderTest/CodeFixRemovesModelStateIsInvalidBlockWithEqualityCheck.Input.cs: Filename too long
error: unable to create file src/Mvc/Mvc.Api.Analyzers/test/TestFiles/ApiActionsDoNotRequireExplicitModelValidationCheckCodeFixProviderTest/CodeFixRemovesModelStateIsInvalidBlockWithEqualityCheck.Output.cs: Filename too long
error: unable to create file src/Mvc/Mvc.Api.Analyzers/test/TestFiles/ApiActionsDoNotRequireExplicitModelValidationCheckCodeFixProviderTest/CodeFixRemovesModelStateIsInvalidBlockWithIfNotCheck.Input.cs: Filename too long
error: unable to create file src/Mvc/Mvc.Api.Analyzers/test/TestFiles/ApiActionsDoNotRequireExplicitModelValidationCheckCodeFixProviderTest/CodeFixRemovesModelStateIsInvalidBlockWithIfNotCheck.Output.cs: Filename too long
error: unable to create file src/Mvc/Mvc.Api.Analyzers/test/TestFiles/ApiConventionAnalyzerIntegrationTest/DiagnosticsAreReturned_ForActionResultOfTReturningMethodWithoutAnyAttributes.cs: Filename too long
error: unable to create file src/Mvc/Mvc.Api.Analyzers/test/TestFiles/ApiConventionAnalyzerIntegrationTest/DiagnosticsAreReturned_ForActionResultOfTReturningMethodWithoutSomeAttributes.cs: Filename too long
error: unable to create file src/Mvc/Mvc.Api.Analyzers/test/TestFiles/ApiConventionAnalyzerIntegrationTest/DiagnosticsAreReturned_ForControllerWithCustomConvention.cs: Filename too long
error: unable to create file src/Mvc/Mvc.Api.Analyzers/test/TestFiles/ApiConventionAnalyzerIntegrationTest/DiagnosticsAreReturned_IfAsyncMethodReturningValueTaskWithProducesResponseTypeAttribute_ReturnsUndocumentedStatusCode.cs: Filename too long
error: unable to create file src/Mvc/Mvc.Api.Analyzers/test/TestFiles/ApiConventionAnalyzerIntegrationTest/DiagnosticsAreReturned_IfAsyncMethodWithProducesResponseTypeAttribute_ReturnsUndocumentedStatusCode.cs: Filename too long
error: unable to create file src/Mvc/Mvc.Api.Analyzers/test/TestFiles/ApiConventionAnalyzerIntegrationTest/DiagnosticsAreReturned_IfMethodWithApiConventionMethod_ReturnsUndocumentedStatusCode.cs: Filename too long
error: unable to create file src/Mvc/Mvc.Api.Analyzers/test/TestFiles/ApiConventionAnalyzerIntegrationTest/DiagnosticsAreReturned_IfMethodWithAttributeAsynchronouslyReturnsValue_WithoutDocumentation.cs: Filename too long
error: unable to create file src/Mvc/Mvc.Api.Analyzers/test/TestFiles/ApiConventionAnalyzerIntegrationTest/DiagnosticsAreReturned_IfMethodWithAttributeReturnsValue_WithoutDocumentation.cs: Filename too long
error: unable to create file src/Mvc/Mvc.Api.Analyzers/test/TestFiles/ApiConventionAnalyzerIntegrationTest/DiagnosticsAreReturned_IfMethodWithAttribute_ReturnsDerivedType.cs: Filename too long
error: unable to create file src/Mvc/Mvc.Api.Analyzers/test/TestFiles/ApiConventionAnalyzerIntegrationTest/DiagnosticsAreReturned_IfMethodWithConvention_DoesNotReturnDocumentedStatusCode.cs: Filename too long
error: unable to create file src/Mvc/Mvc.Api.Analyzers/test/TestFiles/ApiConventionAnalyzerIntegrationTest/DiagnosticsAreReturned_IfMethodWithConvention_ReturnsUndocumentedStatusCode.cs: Filename too long
error: unable to create file src/Mvc/Mvc.Api.Analyzers/test/TestFiles/ApiConventionAnalyzerIntegrationTest/DiagnosticsAreReturned_IfMethodWithProducesResponseTypeAttribute_DoesNotDocumentSuccessStatusCode.cs: Filename too long
error: unable to create file src/Mvc/Mvc.Api.Analyzers/test/TestFiles/ApiConventionAnalyzerIntegrationTest/DiagnosticsAreReturned_IfMethodWithProducesResponseTypeAttribute_DoesNotReturnDocumentedStatusCode.cs: Filename too long
error: unable to create file src/Mvc/Mvc.Api.Analyzers/test/TestFiles/ApiConventionAnalyzerIntegrationTest/DiagnosticsAreReturned_IfMethodWithProducesResponseTypeAttribute_ReturnsUndocumentedStatusCode.cs: Filename too long
error: unable to create file src/Mvc/Mvc.Api.Analyzers/test/TestFiles/ApiConventionAnalyzerIntegrationTest/NoDiagnosticsAreReturned_ForApiController_IfStatusCodesCannotBeInferred.cs: Filename too long
error: unable to create file src/Mvc/Mvc.Api.Analyzers/test/TestFiles/ApiConventionAnalyzerIntegrationTest/NoDiagnosticsAreReturned_ForApiController_WhenMethodNeverReturns.cs: Filename too long
error: unable to create file src/Mvc/Mvc.Api.Analyzers/test/TestFiles/ApiConventionAnalyzerIntegrationTest/NoDiagnosticsAreReturned_ForApiController_WithAllDocumentedStatusCodes.cs: Filename too long
error: unable to create file src/Mvc/Mvc.Api.Analyzers/test/TestFiles/ApiConventionAnalyzerIntegrationTest/NoDiagnosticsAreReturned_ForReturnStatementsInLocalFunctions.cs: Filename too long
error: unable to create file src/Mvc/Mvc.Api.Analyzers/test/TestFiles/SymbolApiResponseMetadataProviderTest/GetErrorResponseType_ReturnsProblemDetails_IfNoAttributeIsDiscovered.cs: Filename too long
Updating files:  49% (8125/16580)Updating files:  50% (8290/16580)Updating files:  51% (8456/16580)Updating files:  52% (8622/16580)Updating files:  53% (8788/16580)Updating files:  54% (8954/16580)Updating files:  55% (9119/16580)Updating files:  56% (9285/16580)Updating files:  57% (9451/16580)Updating files:  57% (9533/16580)Updating files:  58% (9617/16580)Updating files:  59% (9783/16580)Updating files:  60% (9948/16580)error: unable to create file src/Mvc/test/Mvc.FunctionalTests/compiler/resources/HtmlGenerationWebSite.HtmlGeneration_Home.ProductListUsingTagHelpersWithNullModel.html: Filename too long
Updating files:  61% (10114/16580)Updating files:  62% (10280/16580)Updating files:  63% (10446/16580)Updating files:  64% (10612/16580)Updating files:  65% (10777/16580)Updating files:  66% (10943/16580)Updating files:  67% (11109/16580)error: unable to create file src/Mvc/test/WebSites/TagHelpersWebSite/Views/InheritedTagHelperPrefix/NestedInheritedTagHelperPrefix/NestedInheritedTagHelperPrefix.cshtml: Filename too long
error: unable to create file src/Mvc/test/WebSites/TagHelpersWebSite/Views/InheritedTagHelperPrefix/NestedInheritedTagHelperPrefix/NestedOverriddenTagHelperPrefix.cshtml: Filename too long
Updating files:  68% (11275/16580)Updating files:  68% (11296/16580)error: unable to create file src/OpenApi/test/Microsoft.AspNetCore.OpenApi.SourceGenerators.Tests/snapshots/AddOpenApiTests.CanInterceptAddOpenApi#OpenApiXmlCommentSupport.generated.verified.cs: Filename too long
error: unable to create file src/OpenApi/test/Microsoft.AspNetCore.OpenApi.SourceGenerators.Tests/snapshots/AdditionalTextsTests.CanHandleXmlForSchemasInAdditionalTexts#OpenApiXmlCommentSupport.generated.verified.cs: Filename too long
error: unable to create file src/OpenApi/test/Microsoft.AspNetCore.OpenApi.SourceGenerators.Tests/snapshots/CompletenessTests.SupportsAllXmlTagsOnSchemas#OpenApiXmlCommentSupport.generated.verified.cs: Filename too long
error: unable to create file src/OpenApi/test/Microsoft.AspNetCore.OpenApi.SourceGenerators.Tests/snapshots/OperationTests.SupportsRouteParametersFromControllers#OpenApiXmlCommentSupport.generated.verified.cs: Filename too long
error: unable to create file src/OpenApi/test/Microsoft.AspNetCore.OpenApi.SourceGenerators.Tests/snapshots/OperationTests.SupportsXmlCommentsOnOperationsFromControllers#OpenApiXmlCommentSupport.generated.verified.cs: Filename too long
error: unable to create file src/OpenApi/test/Microsoft.AspNetCore.OpenApi.SourceGenerators.Tests/snapshots/OperationTests.SupportsXmlCommentsOnOperationsFromMinimalApis#OpenApiXmlCommentSupport.generated.verified.cs: Filename too long
error: unable to create file src/OpenApi/test/Microsoft.AspNetCore.OpenApi.SourceGenerators.Tests/snapshots/SchemaTests.SupportsXmlCommentsOnSchemas#OpenApiXmlCommentSupport.generated.verified.cs: Filename too long
error: unable to create file src/OpenApi/test/Microsoft.AspNetCore.OpenApi.SourceGenerators.Tests/snapshots/SchemaTests.XmlCommentsOnPropertiesShouldApplyToSchemaReferences#OpenApiXmlCommentSupport.generated.verified.cs: Filename too long
error: unable to create file src/OpenApi/test/Microsoft.AspNetCore.OpenApi.SourceGenerators.Tests/snapshots/XmlCommentDocumentationIdTests.CanMergeXmlCommentsWithDifferentDocumentationIdFormats#OpenApiXmlCommentSupport.generated.verified.cs: Filename too long
error: unable to create file src/OpenApi/test/Microsoft.AspNetCore.OpenApi.Tests/Integration/snapshots/OpenApi3_0/OpenApiDocumentIntegrationTests.VerifyOpenApiDocument_documentName=controllers.verified.txt: Filename too long
error: unable to create file src/OpenApi/test/Microsoft.AspNetCore.OpenApi.Tests/Integration/snapshots/OpenApi3_0/OpenApiDocumentIntegrationTests.VerifyOpenApiDocument_documentName=forms.verified.txt: Filename too long
error: unable to create file src/OpenApi/test/Microsoft.AspNetCore.OpenApi.Tests/Integration/snapshots/OpenApi3_0/OpenApiDocumentIntegrationTests.VerifyOpenApiDocument_documentName=responses.verified.txt: Filename too long
error: unable to create file src/OpenApi/test/Microsoft.AspNetCore.OpenApi.Tests/Integration/snapshots/OpenApi3_0/OpenApiDocumentIntegrationTests.VerifyOpenApiDocument_documentName=schemas-by-ref.verified.txt: Filename too long
error: unable to create file src/OpenApi/test/Microsoft.AspNetCore.OpenApi.Tests/Integration/snapshots/OpenApi3_0/OpenApiDocumentIntegrationTests.VerifyOpenApiDocument_documentName=v1.verified.txt: Filename too long
error: unable to create file src/OpenApi/test/Microsoft.AspNetCore.OpenApi.Tests/Integration/snapshots/OpenApi3_0/OpenApiDocumentIntegrationTests.VerifyOpenApiDocument_documentName=v2.verified.txt: Filename too long
error: unable to create file src/OpenApi/test/Microsoft.AspNetCore.OpenApi.Tests/Integration/snapshots/OpenApi3_0/OpenApiDocumentIntegrationTests.VerifyOpenApiDocument_documentName=xml.verified.txt: Filename too long
error: unable to create file src/OpenApi/test/Microsoft.AspNetCore.OpenApi.Tests/Integration/snapshots/OpenApi3_1/OpenApiDocumentIntegrationTests.VerifyOpenApiDocument_documentName=controllers.verified.txt: Filename too long
error: unable to create file src/OpenApi/test/Microsoft.AspNetCore.OpenApi.Tests/Integration/snapshots/OpenApi3_1/OpenApiDocumentIntegrationTests.VerifyOpenApiDocument_documentName=forms.verified.txt: Filename too long
error: unable to create file src/OpenApi/test/Microsoft.AspNetCore.OpenApi.Tests/Integration/snapshots/OpenApi3_1/OpenApiDocumentIntegrationTests.VerifyOpenApiDocument_documentName=responses.verified.txt: Filename too long
error: unable to create file src/OpenApi/test/Microsoft.AspNetCore.OpenApi.Tests/Integration/snapshots/OpenApi3_1/OpenApiDocumentIntegrationTests.VerifyOpenApiDocument_documentName=schemas-by-ref.verified.txt: Filename too long
error: unable to create file src/OpenApi/test/Microsoft.AspNetCore.OpenApi.Tests/Integration/snapshots/OpenApi3_1/OpenApiDocumentIntegrationTests.VerifyOpenApiDocument_documentName=v1.verified.txt: Filename too long
error: unable to create file src/OpenApi/test/Microsoft.AspNetCore.OpenApi.Tests/Integration/snapshots/OpenApi3_1/OpenApiDocumentIntegrationTests.VerifyOpenApiDocument_documentName=v2.verified.txt: Filename too long
error: unable to create file src/OpenApi/test/Microsoft.AspNetCore.OpenApi.Tests/Integration/snapshots/OpenApi3_1/OpenApiDocumentIntegrationTests.VerifyOpenApiDocument_documentName=xml.verified.txt: Filename too long
error: unable to create file src/OpenApi/test/Microsoft.AspNetCore.OpenApi.Tests/Integration/snapshots/OpenApiDocumentLocalizationTests.VerifyOpenApiDocumentIsInvariant.verified.txt: Filename too long
Updating files:  69% (11441/16580)Updating files:  70% (11606/16580)error: unable to create file src/ProjectTemplates/Web.ProjectTemplates/content/BlazorWeb-CSharp/BlazorWebCSharp.1/Components/Account/IdentityComponentsEndpointRouteBuilderExtensions.cs: Filename too long
error: unable to create file src/ProjectTemplates/Web.ProjectTemplates/content/BlazorWeb-CSharp/BlazorWebCSharp.1/Components/Account/IdentityRevalidatingAuthenticationStateProvider.cs: Filename too long
error: unable to create file src/ProjectTemplates/Web.ProjectTemplates/content/BlazorWeb-CSharp/BlazorWebCSharp.1/Components/Account/Pages/ForgotPasswordConfirmation.razor: Filename too long
error: unable to create file src/ProjectTemplates/Web.ProjectTemplates/content/BlazorWeb-CSharp/BlazorWebCSharp.1/Components/Account/Pages/LoginWithRecoveryCode.razor: Filename too long
error: unable to create file src/ProjectTemplates/Web.ProjectTemplates/content/BlazorWeb-CSharp/BlazorWebCSharp.1/Components/Account/Pages/Manage/ChangePassword.razor: Filename too long
error: unable to create file src/ProjectTemplates/Web.ProjectTemplates/content/BlazorWeb-CSharp/BlazorWebCSharp.1/Components/Account/Pages/Manage/DeletePersonalData.razor: Filename too long
error: unable to create file src/ProjectTemplates/Web.ProjectTemplates/content/BlazorWeb-CSharp/BlazorWebCSharp.1/Components/Account/Pages/Manage/EnableAuthenticator.razor: Filename too long
error: unable to create file src/ProjectTemplates/Web.ProjectTemplates/content/BlazorWeb-CSharp/BlazorWebCSharp.1/Components/Account/Pages/Manage/ExternalLogins.razor: Filename too long
error: unable to create file src/ProjectTemplates/Web.ProjectTemplates/content/BlazorWeb-CSharp/BlazorWebCSharp.1/Components/Account/Pages/Manage/GenerateRecoveryCodes.razor: Filename too long
error: unable to create file src/ProjectTemplates/Web.ProjectTemplates/content/BlazorWeb-CSharp/BlazorWebCSharp.1/Components/Account/Pages/Manage/ResetAuthenticator.razor: Filename too long
error: unable to create file src/ProjectTemplates/Web.ProjectTemplates/content/BlazorWeb-CSharp/BlazorWebCSharp.1/Components/Account/Pages/Manage/TwoFactorAuthentication.razor: Filename too long
error: unable to create file src/ProjectTemplates/Web.ProjectTemplates/content/BlazorWeb-CSharp/BlazorWebCSharp.1/Components/Account/Pages/ResendEmailConfirmation.razor: Filename too long
error: unable to create file src/ProjectTemplates/Web.ProjectTemplates/content/BlazorWeb-CSharp/BlazorWebCSharp.1/Components/Account/Pages/ResetPasswordConfirmation.razor: Filename too long
error: unable to create file src/ProjectTemplates/Web.ProjectTemplates/content/BlazorWeb-CSharp/BlazorWebCSharp.1/Data/SqlLite/00000000000000_CreateIdentitySchema.Designer.cs: Filename too long
error: unable to create file src/ProjectTemplates/Web.ProjectTemplates/content/BlazorWeb-CSharp/BlazorWebCSharp.1/Data/SqlServer/00000000000000_CreateIdentitySchema.Designer.cs: Filename too long
error: unable to create file src/ProjectTemplates/Web.ProjectTemplates/content/BlazorWeb-CSharp/BlazorWebCSharp.1/Data/SqlServer/00000000000000_CreateIdentitySchema.cs: Filename too long
error: unable to create file src/ProjectTemplates/Web.ProjectTemplates/content/BlazorWeb-CSharp/BlazorWebCSharp.1/wwwroot/lib/bootstrap/dist/css/bootstrap-grid.css.map: Filename too long
error: unable to create file src/ProjectTemplates/Web.ProjectTemplates/content/BlazorWeb-CSharp/BlazorWebCSharp.1/wwwroot/lib/bootstrap/dist/css/bootstrap-grid.min.css: Filename too long
error: unable to create file src/ProjectTemplates/Web.ProjectTemplates/content/BlazorWeb-CSharp/BlazorWebCSharp.1/wwwroot/lib/bootstrap/dist/css/bootstrap-grid.min.css.map: Filename too long
error: unable to create file src/ProjectTemplates/Web.ProjectTemplates/content/BlazorWeb-CSharp/BlazorWebCSharp.1/wwwroot/lib/bootstrap/dist/css/bootstrap-grid.rtl.css: Filename too long
error: unable to create file src/ProjectTemplates/Web.ProjectTemplates/content/BlazorWeb-CSharp/BlazorWebCSharp.1/wwwroot/lib/bootstrap/dist/css/bootstrap-grid.rtl.css.map: Filename too long
error: unable to create file src/ProjectTemplates/Web.ProjectTemplates/content/BlazorWeb-CSharp/BlazorWebCSharp.1/wwwroot/lib/bootstrap/dist/css/bootstrap-grid.rtl.min.css: Filename too long
error: unable to create file src/ProjectTemplates/Web.ProjectTemplates/content/BlazorWeb-CSharp/BlazorWebCSharp.1/wwwroot/lib/bootstrap/dist/css/bootstrap-grid.rtl.min.css.map: Filename too long
error: unable to create file src/ProjectTemplates/Web.ProjectTemplates/content/BlazorWeb-CSharp/BlazorWebCSharp.1/wwwroot/lib/bootstrap/dist/css/bootstrap-reboot.css.map: Filename too long
error: unable to create file src/ProjectTemplates/Web.ProjectTemplates/content/BlazorWeb-CSharp/BlazorWebCSharp.1/wwwroot/lib/bootstrap/dist/css/bootstrap-reboot.min.css: Filename too long
Updating files:  71% (11772/16580)error: unable to create file src/ProjectTemplates/Web.ProjectTemplates/content/BlazorWeb-CSharp/BlazorWebCSharp.1/wwwroot/lib/bootstrap/dist/css/bootstrap-reboot.min.css.map: Filename too long
error: unable to create file src/ProjectTemplates/Web.ProjectTemplates/content/BlazorWeb-CSharp/BlazorWebCSharp.1/wwwroot/lib/bootstrap/dist/css/bootstrap-reboot.rtl.css: Filename too long
error: unable to create file src/ProjectTemplates/Web.ProjectTemplates/content/BlazorWeb-CSharp/BlazorWebCSharp.1/wwwroot/lib/bootstrap/dist/css/bootstrap-reboot.rtl.css.map: Filename too long
error: unable to create file src/ProjectTemplates/Web.ProjectTemplates/content/BlazorWeb-CSharp/BlazorWebCSharp.1/wwwroot/lib/bootstrap/dist/css/bootstrap-reboot.rtl.min.css: Filename too long
error: unable to create file src/ProjectTemplates/Web.ProjectTemplates/content/BlazorWeb-CSharp/BlazorWebCSharp.1/wwwroot/lib/bootstrap/dist/css/bootstrap-reboot.rtl.min.css.map: Filename too long
error: unable to create file src/ProjectTemplates/Web.ProjectTemplates/content/BlazorWeb-CSharp/BlazorWebCSharp.1/wwwroot/lib/bootstrap/dist/css/bootstrap-utilities.css: Filename too long
error: unable to create file src/ProjectTemplates/Web.ProjectTemplates/content/BlazorWeb-CSharp/BlazorWebCSharp.1/wwwroot/lib/bootstrap/dist/css/bootstrap-utilities.css.map: Filename too long
error: unable to create file src/ProjectTemplates/Web.ProjectTemplates/content/BlazorWeb-CSharp/BlazorWebCSharp.1/wwwroot/lib/bootstrap/dist/css/bootstrap-utilities.min.css: Filename too long
error: unable to create file src/ProjectTemplates/Web.ProjectTemplates/content/BlazorWeb-CSharp/BlazorWebCSharp.1/wwwroot/lib/bootstrap/dist/css/bootstrap-utilities.min.css.map: Filename too long
error: unable to create file src/ProjectTemplates/Web.ProjectTemplates/content/BlazorWeb-CSharp/BlazorWebCSharp.1/wwwroot/lib/bootstrap/dist/css/bootstrap-utilities.rtl.css: Filename too long
error: unable to create file src/ProjectTemplates/Web.ProjectTemplates/content/BlazorWeb-CSharp/BlazorWebCSharp.1/wwwroot/lib/bootstrap/dist/css/bootstrap-utilities.rtl.css.map: Filename too long
error: unable to create file src/ProjectTemplates/Web.ProjectTemplates/content/BlazorWeb-CSharp/BlazorWebCSharp.1/wwwroot/lib/bootstrap/dist/css/bootstrap-utilities.rtl.min.css: Filename too long
error: unable to create file src/ProjectTemplates/Web.ProjectTemplates/content/BlazorWeb-CSharp/BlazorWebCSharp.1/wwwroot/lib/bootstrap/dist/css/bootstrap-utilities.rtl.min.css.map: Filename too long
error: unable to create file src/ProjectTemplates/Web.ProjectTemplates/content/BlazorWeb-CSharp/BlazorWebCSharp.1/wwwroot/lib/bootstrap/dist/css/bootstrap.min.css.map: Filename too long
error: unable to create file src/ProjectTemplates/Web.ProjectTemplates/content/BlazorWeb-CSharp/BlazorWebCSharp.1/wwwroot/lib/bootstrap/dist/css/bootstrap.rtl.css.map: Filename too long
error: unable to create file src/ProjectTemplates/Web.ProjectTemplates/content/BlazorWeb-CSharp/BlazorWebCSharp.1/wwwroot/lib/bootstrap/dist/css/bootstrap.rtl.min.css: Filename too long
error: unable to create file src/ProjectTemplates/Web.ProjectTemplates/content/BlazorWeb-CSharp/BlazorWebCSharp.1/wwwroot/lib/bootstrap/dist/css/bootstrap.rtl.min.css.map: Filename too long
error: unable to create file src/ProjectTemplates/Web.ProjectTemplates/content/BlazorWeb-CSharp/BlazorWebCSharp.1/wwwroot/lib/bootstrap/dist/js/bootstrap.bundle.js.map: Filename too long
error: unable to create file src/ProjectTemplates/Web.ProjectTemplates/content/BlazorWeb-CSharp/BlazorWebCSharp.1/wwwroot/lib/bootstrap/dist/js/bootstrap.bundle.min.js: Filename too long
error: unable to create file src/ProjectTemplates/Web.ProjectTemplates/content/BlazorWeb-CSharp/BlazorWebCSharp.1/wwwroot/lib/bootstrap/dist/js/bootstrap.bundle.min.js.map: Filename too long
error: unable to create file src/ProjectTemplates/Web.ProjectTemplates/content/BlazorWeb-CSharp/BlazorWebCSharp.1/wwwroot/lib/bootstrap/dist/js/bootstrap.esm.min.js.map: Filename too long
error: unable to create file src/ProjectTemplates/Web.ProjectTemplates/content/ComponentsWebAssembly-CSharp/wwwroot/lib/bootstrap/dist/css/bootstrap-grid.rtl.min.css.map: Filename too long
error: unable to create file src/ProjectTemplates/Web.ProjectTemplates/content/ComponentsWebAssembly-CSharp/wwwroot/lib/bootstrap/dist/css/bootstrap-reboot.min.css.map: Filename too long
error: unable to create file src/ProjectTemplates/Web.ProjectTemplates/content/ComponentsWebAssembly-CSharp/wwwroot/lib/bootstrap/dist/css/bootstrap-reboot.rtl.css.map: Filename too long
error: unable to create file src/ProjectTemplates/Web.ProjectTemplates/content/ComponentsWebAssembly-CSharp/wwwroot/lib/bootstrap/dist/css/bootstrap-reboot.rtl.min.css: Filename too long
error: unable to create file src/ProjectTemplates/Web.ProjectTemplates/content/ComponentsWebAssembly-CSharp/wwwroot/lib/bootstrap/dist/css/bootstrap-reboot.rtl.min.css.map: Filename too long
error: unable to create file src/ProjectTemplates/Web.ProjectTemplates/content/ComponentsWebAssembly-CSharp/wwwroot/lib/bootstrap/dist/css/bootstrap-utilities.css.map: Filename too long
error: unable to create file src/ProjectTemplates/Web.ProjectTemplates/content/ComponentsWebAssembly-CSharp/wwwroot/lib/bootstrap/dist/css/bootstrap-utilities.min.css: Filename too long
error: unable to create file src/ProjectTemplates/Web.ProjectTemplates/content/ComponentsWebAssembly-CSharp/wwwroot/lib/bootstrap/dist/css/bootstrap-utilities.min.css.map: Filename too long
error: unable to create file src/ProjectTemplates/Web.ProjectTemplates/content/ComponentsWebAssembly-CSharp/wwwroot/lib/bootstrap/dist/css/bootstrap-utilities.rtl.css: Filename too long
error: unable to create file src/ProjectTemplates/Web.ProjectTemplates/content/ComponentsWebAssembly-CSharp/wwwroot/lib/bootstrap/dist/css/bootstrap-utilities.rtl.css.map: Filename too long
error: unable to create file src/ProjectTemplates/Web.ProjectTemplates/content/ComponentsWebAssembly-CSharp/wwwroot/lib/bootstrap/dist/css/bootstrap-utilities.rtl.min.css: Filename too long
error: unable to create file src/ProjectTemplates/Web.ProjectTemplates/content/ComponentsWebAssembly-CSharp/wwwroot/lib/bootstrap/dist/css/bootstrap-utilities.rtl.min.css.map: Filename too long
Updating files:  72% (11938/16580)error: unable to create file src/ProjectTemplates/Web.ProjectTemplates/content/RazorPagesWeb-CSharp/wwwroot/lib/bootstrap/dist/css/bootstrap-utilities.rtl.min.css.map: Filename too long
error: unable to create file src/ProjectTemplates/Web.ProjectTemplates/content/RazorPagesWeb-CSharp/wwwroot/lib/jquery-validation-unobtrusive/dist/jquery.validate.unobtrusive.js: Filename too long
error: unable to create file src/ProjectTemplates/Web.ProjectTemplates/content/RazorPagesWeb-CSharp/wwwroot/lib/jquery-validation-unobtrusive/dist/jquery.validate.unobtrusive.min.js: Filename too long
Updating files:  73% (12104/16580)error: unable to create file src/ProjectTemplates/Web.ProjectTemplates/content/StarterWeb-CSharp/wwwroot/lib/jquery-validation-unobtrusive/dist/jquery.validate.unobtrusive.js: Filename too long
error: unable to create file src/ProjectTemplates/Web.ProjectTemplates/content/StarterWeb-CSharp/wwwroot/lib/jquery-validation-unobtrusive/dist/jquery.validate.unobtrusive.min.js: Filename too long
Updating files:  74% (12270/16580)error: unable to create file src/ProjectTemplates/Web.ProjectTemplates/content/StarterWeb-FSharp/wwwroot/lib/jquery-validation-unobtrusive/dist/jquery.validate.unobtrusive.js: Filename too long
error: unable to create file src/ProjectTemplates/Web.ProjectTemplates/content/StarterWeb-FSharp/wwwroot/lib/jquery-validation-unobtrusive/dist/jquery.validate.unobtrusive.min.js: Filename too long
Updating files:  75% (12435/16580)Updating files:  76% (12601/16580)Updating files:  77% (12767/16580)Updating files:  78% (12933/16580)Updating files:  78% (13023/16580)Updating files:  79% (13099/16580)Updating files:  80% (13264/16580)Updating files:  81% (13430/16580)Updating files:  82% (13596/16580)Updating files:  83% (13762/16580)Updating files:  84% (13928/16580)Updating files:  85% (14093/16580)Updating files:  86% (14259/16580)Updating files:  87% (14425/16580)Updating files:  88% (14591/16580)Updating files:  89% (14757/16580)Updating files:  89% (14775/16580)Updating files:  90% (14922/16580)Updating files:  91% (15088/16580)Updating files:  92% (15254/16580)Updating files:  93% (15420/16580)Updating files:  94% (15586/16580)Updating files:  95% (15751/16580)Updating files:  96% (15917/16580)Updating files:  97% (16083/16580)error: unable to create file src/SiteExtensions/LoggingAggregate/src/Microsoft.AspNetCore.AzureAppServices.SiteExtension/Microsoft.AspNetCore.AzureAppServices.SiteExtension.csproj: Filename too long
error: unable to create file src/SiteExtensions/LoggingAggregate/test/Microsoft.AspNetCore.AzureAppServices.SiteExtension.Tests/Microsoft.AspNetCore.AzureAppServices.SiteExtension.Tests.csproj: Filename too long
Updating files:  98% (16249/16580)Updating files:  99% (16415/16580)error: unable to create file src/Validation/test/Microsoft.Extensions.Validation.GeneratorTests/snapshots/ValidationsGeneratorTests.CanDiscoverGeneratedValidatableTypeAttribute#ValidatableInfoResolver.g.verified.cs: Filename too long
error: unable to create file src/Validation/test/Microsoft.Extensions.Validation.GeneratorTests/snapshots/ValidationsGeneratorTests.CanUseBothFrameworkAndGeneratedValidatableTypeAttributes#ValidatableInfoResolver.g.verified.cs: Filename too long
error: unable to create file src/Validation/test/Microsoft.Extensions.Validation.GeneratorTests/snapshots/ValidationsGeneratorTests.CanValidateClassTypesWithAttribute#ValidatableInfoResolver.g.verified.cs: Filename too long
error: unable to create file src/Validation/test/Microsoft.Extensions.Validation.GeneratorTests/snapshots/ValidationsGeneratorTests.CanValidateComplexTypes#ValidatableInfoResolver.g.verified.cs: Filename too long
error: unable to create file src/Validation/test/Microsoft.Extensions.Validation.GeneratorTests/snapshots/ValidationsGeneratorTests.CanValidateComplexTypesWithJsonIgnore#ValidatableInfoResolver.g.verified.cs: Filename too long
error: unable to create file src/Validation/test/Microsoft.Extensions.Validation.GeneratorTests/snapshots/ValidationsGeneratorTests.CanValidateIValidatableObject#ValidatableInfoResolver.g.verified.cs: Filename too long
error: unable to create file src/Validation/test/Microsoft.Extensions.Validation.GeneratorTests/snapshots/ValidationsGeneratorTests.CanValidateIValidatableObject_WithoutPropertyValidations#ValidatableInfoResolver.g.verified.cs: Filename too long
error: unable to create file src/Validation/test/Microsoft.Extensions.Validation.GeneratorTests/snapshots/ValidationsGeneratorTests.CanValidateMultipleNamespaces#ValidatableInfoResolver.g.verified.cs: Filename too long
error: unable to create file src/Validation/test/Microsoft.Extensions.Validation.GeneratorTests/snapshots/ValidationsGeneratorTests.CanValidateParameters#ValidatableInfoResolver.g.verified.cs: Filename too long
error: unable to create file src/Validation/test/Microsoft.Extensions.Validation.GeneratorTests/snapshots/ValidationsGeneratorTests.CanValidatePolymorphicTypes#ValidatableInfoResolver.g.verified.cs: Filename too long
error: unable to create file src/Validation/test/Microsoft.Extensions.Validation.GeneratorTests/snapshots/ValidationsGeneratorTests.CanValidateRecordStructTypes#ValidatableInfoResolver.g.verified.cs: Filename too long
error: unable to create file src/Validation/test/Microsoft.Extensions.Validation.GeneratorTests/snapshots/ValidationsGeneratorTests.CanValidateRecordTypes#ValidatableInfoResolver.g.verified.cs: Filename too long
error: unable to create file src/Validation/test/Microsoft.Extensions.Validation.GeneratorTests/snapshots/ValidationsGeneratorTests.CanValidateRecordTypesWithAttribute#ValidatableInfoResolver.g.verified.cs: Filename too long
error: unable to create file src/Validation/test/Microsoft.Extensions.Validation.GeneratorTests/snapshots/ValidationsGeneratorTests.CanValidateRecursiveTypes#ValidatableInfoResolver.g.verified.cs: Filename too long
error: unable to create file src/Validation/test/Microsoft.Extensions.Validation.GeneratorTests/snapshots/ValidationsGeneratorTests.CanValidateTypeWithParsableProperties#ValidatableInfoResolver.g.verified.cs: Filename too long
error: unable to create file src/Validation/test/Microsoft.Extensions.Validation.GeneratorTests/snapshots/ValidationsGeneratorTests.CanValidateValidationAttributesOnClasses#ValidatableInfoResolver.g.verified.cs: Filename too long
error: unable to create file src/Validation/test/Microsoft.Extensions.Validation.GeneratorTests/snapshots/ValidationsGeneratorTests.DoesNotEmitForExemptTypes#ValidatableInfoResolver.g.verified.cs: Filename too long
error: unable to create file src/Validation/test/Microsoft.Extensions.Validation.GeneratorTests/snapshots/ValidationsGeneratorTests.DoesNotEmit_ForSkipValidationAttribute_OnClassProperties#ValidatableInfoResolver.g.verified.cs: Filename too long
error: unable to create file src/Validation/test/Microsoft.Extensions.Validation.GeneratorTests/snapshots/ValidationsGeneratorTests.DoesNotEmit_ForSkipValidationAttribute_OnEndpointParameters#ValidatableInfoResolver.g.verified.cs: Filename too long
error: unable to create file src/Validation/test/Microsoft.Extensions.Validation.GeneratorTests/snapshots/ValidationsGeneratorTests.DoesNotEmit_ForSkipValidationAttribute_OnRecordProperties#ValidatableInfoResolver.g.verified.cs: Filename too long
error: unable to create file src/Validation/test/Microsoft.Extensions.Validation.GeneratorTests/snapshots/ValidationsGeneratorTests.SkipsClassesWithNonAccessibleTypes#ValidatableInfoResolver.g.verified.cs: Filename too long
error: unable to create file src/Validation/test/Microsoft.Extensions.Validation.GeneratorTests/snapshots/ValidationsGeneratorTests.ValidatesPropertiesWithJsonIgnoreWhenWritingConditions#ValidatableInfoResolver.g.verified.cs: Filename too long
Updating files: 100% (16580/16580)Updating files: 100% (16580/16580), done.
fatal: unable to checkout working tree
warning: Clone succeeded, but checkout failed.
You can inspect what was checked out with 'git status'
and retry with 'git restore --source=HEAD :/'

"
https://github.com/huiyadanli/RevokeMsgPatcher,36428,master,67d184decce2c7e1fd97bb165d97bc0d17f8ca48,repos\huiyadanli__RevokeMsgPatcher,False,False,0,,100,6583,False,build_failed|no_tests
https://github.com/ShareX/ShareX,35371,develop,511cc24f4e1dddd1c743ff0f07dde4ee17d9d5d3,repos\ShareX__ShareX,True,False,0,,2631,129501,False,no_tests
https://github.com/DevToys-app/DevToys,30848,main,290b0ae0c397b53875ed7ed874898a8da3b5646f,repos\DevToys-app__DevToys,False,True,1,xunit,730,30471,False,build_failed
https://github.com/AvaloniaUI/Avalonia,29902,master,,,False,False,0,,0,0,False,"evaluation_error:Git clone failed: Cloning into 'repos\AvaloniaUI__Avalonia'...
Updating files:  40% (1893/4731)Updating files:  41% (1940/4731)Updating files:  42% (1988/4731)Updating files:  43% (2035/4731)Updating files:  44% (2082/4731)Updating files:  45% (2129/4731)Updating files:  46% (2177/4731)Updating files:  47% (2224/4731)Updating files:  48% (2271/4731)Updating files:  49% (2319/4731)Updating files:  50% (2366/4731)Updating files:  51% (2413/4731)Updating files:  52% (2461/4731)Updating files:  53% (2508/4731)Updating files:  54% (2555/4731)Updating files:  55% (2603/4731)Updating files:  56% (2650/4731)Updating files:  57% (2697/4731)Updating files:  58% (2744/4731)Updating files:  59% (2792/4731)Updating files:  60% (2839/4731)Updating files:  61% (2886/4731)Updating files:  62% (2934/4731)Updating files:  63% (2981/4731)Updating files:  64% (3028/4731)Updating files:  65% (3076/4731)Updating files:  66% (3123/4731)Updating files:  67% (3170/4731)Updating files:  68% (3218/4731)Updating files:  69% (3265/4731)Updating files:  70% (3312/4731)Updating files:  71% (3360/4731)Updating files:  72% (3407/4731)Updating files:  73% (3454/4731)Updating files:  74% (3501/4731)Updating files:  75% (3549/4731)Updating files:  76% (3596/4731)Updating files:  77% (3643/4731)Updating files:  78% (3691/4731)Updating files:  79% (3738/4731)Updating files:  80% (3785/4731)Updating files:  80% (3793/4731)Updating files:  81% (3833/4731)Updating files:  82% (3880/4731)Updating files:  83% (3927/4731)Updating files:  84% (3975/4731)Updating files:  85% (4022/4731)Updating files:  86% (4069/4731)Updating files:  87% (4116/4731)Updating files:  88% (4164/4731)Updating files:  89% (4211/4731)Updating files:  90% (4258/4731)Updating files:  91% (4306/4731)Updating files:  92% (4353/4731)Updating files:  93% (4400/4731)Updating files:  94% (4448/4731)Updating files:  95% (4495/4731)error: unable to create file tests/TestFiles/Skia/Composition/DirectFb/Should_Only_Update_Clipped_Rects_When_Retained_Fb_Is_Advertised_advertized-False_initial.expected.png: Filename too long
error: unable to create file tests/TestFiles/Skia/Composition/DirectFb/Should_Only_Update_Clipped_Rects_When_Retained_Fb_Is_Advertised_advertized-False_updated.expected.png: Filename too long
error: unable to create file tests/TestFiles/Skia/Composition/DirectFb/Should_Only_Update_Clipped_Rects_When_Retained_Fb_Is_Advertised_advertized-True_initial.expected.png: Filename too long
error: unable to create file tests/TestFiles/Skia/Composition/DirectFb/Should_Only_Update_Clipped_Rects_When_Retained_Fb_Is_Advertised_advertized-True_updated.expected.png: Filename too long
Updating files:  96% (4542/4731)Updating files:  97% (4590/4731)Updating files:  98% (4637/4731)Updating files:  99% (4684/4731)Updating files: 100% (4731/4731)Updating files: 100% (4731/4731), done.
fatal: unable to checkout working tree
warning: Clone succeeded, but checkout failed.
You can inspect what was checked out with 'git status'
and retry with 'git restore --source=HEAD :/'

"
https://github.com/microsoft/semantic-kernel,27109,main,,,False,False,0,,0,0,False,"evaluation_error:Git clone failed: Cloning into 'repos\microsoft__semantic-kernel'...
error: unable to create file dotnet/samples/AgentFrameworkMigration/AzureAIFoundry/Step03_DependencyInjection/AzureAIFoundry_Step03_DependencyInjection.csproj: Filename too long
error: unable to create file dotnet/samples/AgentFrameworkMigration/AzureOpenAIAssistants/Step03_DependencyInjection/AzureOpenAIAssistants_Step03_DependencyInjection.csproj: Filename too long
error: unable to create file dotnet/samples/AgentFrameworkMigration/AzureOpenAIAssistants/Step04_CodeInterpreter/AzureOpenAIAssistants_Step04_CodeInterpreter.csproj: Filename too long
error: unable to create file dotnet/samples/AgentFrameworkMigration/AzureOpenAIResponses/Step02_ReasoningModel/AzureOpenAIResponses_Step02_ReasoningModel.csproj: Filename too long
error: unable to create file dotnet/samples/AgentFrameworkMigration/AzureOpenAIResponses/Step04_DependencyInjection/AzureOpenAIResponses_Step04_DependencyInjection.csproj: Filename too long
error: unable to create file dotnet/samples/AgentFrameworkMigration/OpenAIAssistants/Step03_DependencyInjection/OpenAIAssistants_Step03_DependencyInjection.csproj: Filename too long
error: unable to create file dotnet/samples/AgentFrameworkMigration/OpenAIResponses/Step04_DependencyInjection/OpenAIResponses_Step04_DependencyInjection.csproj: Filename too long
error: unable to create file dotnet/samples/Demos/ProcessFrameworkWithAspire/ProcessFramework.Aspire/ProcessFramework.Aspire.AppHost/ProcessFramework.Aspire.AppHost.csproj: Filename too long
fatal: cannot create directory at 'dotnet/samples/Demos/ProcessFrameworkWithAspire/ProcessFramework.Aspire/ProcessFramework.Aspire.ProcessOrchestrator/Models': Filename too long
warning: Clone succeeded, but checkout failed.
You can inspect what was checked out with 'git status'
and retry with 'git restore --source=HEAD :/'

"
https://github.com/wshobson/agents,27032,main,1135ac606247648d9e4724f027280d4114282858,repos\wshobson__agents,False,False,0,,28,664,False,build_failed|no_tests|loc_too_low(664<1000)
https://github.com/NickeManarin/ScreenToGif,26288,master,ce4b527c04f11e5d71a8733338fb82d50eedd5c5,repos\NickeManarin__ScreenToGif,True,True,1,xunit,974,62761,True,
https://github.com/mxgmn/WaveFunctionCollapse,24601,master,74c077427e1eb20c853cd0dc6c5523be55bd8b66,repos\mxgmn__WaveFunctionCollapse,True,False,0,,11,662,False,no_tests|loc_too_low(662<1000)
https://github.com/icsharpcode/ILSpy,24488,master,06476a58885d76a9891a83dbea90d6004d397728,repos\icsharpcode__ILSpy,False,True,5,nunit,5546,185448,False,build_failed
https://github.com/BeyondDimension/SteamTools,24366,develop,,,False,False,0,,0,0,False,"evaluation_error:Git clone failed: Cloning into 'repos\BeyondDimension__SteamTools'...
error: unable to create file src/BD.WTTS.Client.Plugins.Accelerator.ReverseProxy/Services.Implementation/HttpServer/Middleware/HttpReverseProxyMiddleware.FindScriptInjectInsertPosition.cs: Filename too long
Updating files:  98% (1376/1401)Updating files:  99% (1387/1401)Updating files: 100% (1401/1401)Updating files: 100% (1401/1401), done.
fatal: unable to checkout working tree
warning: Clone succeeded, but checkout failed.
You can inspect what was checked out with 'git status'
and retry with 'git restore --source=HEAD :/'

"
https://github.com/dotnet/maui,23155,main,,,False,False,0,,0,0,False,"evaluation_error:Git clone failed: Cloning into 'repos\dotnet__maui'...
Updating files:   6% (1383/21488)Updating files:   7% (1505/21488)Updating files:   8% (1720/21488)Updating files:   9% (1934/21488)Updating files:  10% (2149/21488)error: unable to create file src/Controls/samples/Controls.Sample/Pages/Controls/CollectionViewGalleries/DataTemplateSelectorGalleries/VariedSizeDataTemplateSelectorGallery.xaml: Filename too long
error: unable to create file src/Controls/samples/Controls.Sample/Pages/Controls/CollectionViewGalleries/DataTemplateSelectorGalleries/VariedSizeDataTemplateSelectorGallery.xaml.cs: Filename too long
Updating files:  11% (2364/21488)Updating files:  12% (2579/21488)Updating files:  13% (2794/21488)Updating files:  14% (3009/21488)Updating files:  14% (3036/21488)Updating files:  15% (3224/21488)Updating files:  16% (3439/21488)Updating files:  17% (3653/21488)Updating files:  18% (3868/21488)Updating files:  19% (4083/21488)Updating files:  20% (4298/21488)Updating files:  21% (4513/21488)Updating files:  22% (4728/21488)Updating files:  22% (4832/21488)Updating files:  23% (4943/21488)Updating files:  24% (5158/21488)Updating files:  25% (5372/21488)Updating files:  26% (5587/21488)Updating files:  26% (5756/21488)Updating files:  27% (5802/21488)Updating files:  28% (6017/21488)Updating files:  29% (6232/21488)error: unable to create file src/Controls/tests/TestCases.Android.Tests/snapshots/android-notch-36/CollectionViewSelectedItemBackgroundShouldPersistAfterModalNavigation.png: Filename too long
Updating files:  30% (6447/21488)error: unable to create file src/Controls/tests/TestCases.Android.Tests/snapshots/android-notch-36/SearchBar_SetHorizontalTextAlignmentAndVerticalTextAlignment_VerifyVisualState.png: Filename too long
Updating files:  31% (6662/21488)Updating files:  32% (6877/21488)error: unable to create file src/Controls/tests/TestCases.Android.Tests/snapshots/android-notch-36/VerifyScrollViewWithScrollToPositionCenterAndAbsoluteLayoutContentWhenOrientationHorizontal.png: Filename too long
error: unable to create file src/Controls/tests/TestCases.Android.Tests/snapshots/android-notch-36/VerifyScrollViewWithScrollToPositionCenterAndEditorContentWhenOrientationHorizontal.png: Filename too long
error: unable to create file src/Controls/tests/TestCases.Android.Tests/snapshots/android-notch-36/VerifyScrollViewWithScrollToPositionCenterAndGridContentWhenOrientationHorizontal.png: Filename too long
error: unable to create file src/Controls/tests/TestCases.Android.Tests/snapshots/android-notch-36/VerifyScrollViewWithScrollToPositionCenterAndHorizontalLayoutContentWhenOrientationHorizontal.png: Filename too long
error: unable to create file src/Controls/tests/TestCases.Android.Tests/snapshots/android-notch-36/VerifyScrollViewWithScrollToPositionCenterAndImageContentWhenOrientationHorizontal.png: Filename too long
error: unable to create file src/Controls/tests/TestCases.Android.Tests/snapshots/android-notch-36/VerifyScrollViewWithScrollToPositionEndAndAbsoluteLayoutContentWhenOrientationHorizontal.png: Filename too long
error: unable to create file src/Controls/tests/TestCases.Android.Tests/snapshots/android-notch-36/VerifyScrollViewWithScrollToPositionEndAndEditorContentWhenOrientationHorizontal.png: Filename too long
Updating files:  32% (6915/21488)error: unable to create file src/Controls/tests/TestCases.Android.Tests/snapshots/android-notch-36/VerifyScrollViewWithScrollToPositionEndAndGridContentWhenOrientationHorizontal.png: Filename too long
error: unable to create file src/Controls/tests/TestCases.Android.Tests/snapshots/android-notch-36/VerifyScrollViewWithScrollToPositionEndAndHorizontalLayoutContentWhenOrientationHorizontal.png: Filename too long
error: unable to create file src/Controls/tests/TestCases.Android.Tests/snapshots/android-notch-36/VerifyScrollViewWithScrollToPositionEndAndImageContentWhenOrientationHorizontal.png: Filename too long
error: unable to create file src/Controls/tests/TestCases.Android.Tests/snapshots/android-notch-36/VerifyScrollViewWithScrollToPositionMakeVisibleAndAbsoluteContentWhenOrientationHorizontal.png: Filename too long
error: unable to create file src/Controls/tests/TestCases.Android.Tests/snapshots/android-notch-36/VerifyScrollViewWithScrollToPositionMakeVisibleAndEditorContentWhenOrientationHorizontal.png: Filename too long
error: unable to create file src/Controls/tests/TestCases.Android.Tests/snapshots/android-notch-36/VerifyScrollViewWithScrollToPositionMakeVisibleAndGridContentWhenOrientationHorizontal.png: Filename too long
error: unable to create file src/Controls/tests/TestCases.Android.Tests/snapshots/android-notch-36/VerifyScrollViewWithScrollToPositionMakeVisibleAndHorizontalLayoutContentWhenOrientationHorizontal.png: Filename too long
error: unable to create file src/Controls/tests/TestCases.Android.Tests/snapshots/android-notch-36/VerifyScrollViewWithScrollToPositionMakeVisibleAndImageContentWhenOrientationHorizontal.png: Filename too long
error: unable to create file src/Controls/tests/TestCases.Android.Tests/snapshots/android-notch-36/VerifyScrollViewWithScrollToPositionMakeVisibleAndOrientationHorizontal.png: Filename too long
error: unable to create file src/Controls/tests/TestCases.Android.Tests/snapshots/android-notch-36/VerifyScrollViewWithScrollToPositionMakeVisibleAndVerticalLayoutContent.png: Filename too long
error: unable to create file src/Controls/tests/TestCases.Android.Tests/snapshots/android-notch-36/VerifyScrollViewWithScrollToPositionStartAndAbsoluteLayoutContentWhenOrientationHorizontal.png: Filename too long
error: unable to create file src/Controls/tests/TestCases.Android.Tests/snapshots/android-notch-36/VerifyScrollViewWithScrollToPositionStartAndEditorContentWhenOrientationHorizontal.png: Filename too long
error: unable to create file src/Controls/tests/TestCases.Android.Tests/snapshots/android-notch-36/VerifyScrollViewWithScrollToPositionStartAndGridContentWhenOrientationHorizontal.png: Filename too long
error: unable to create file src/Controls/tests/TestCases.Android.Tests/snapshots/android-notch-36/VerifyScrollViewWithScrollToPositionStartAndHorizontalLayoutContentWhenOrientationHorizontal.png: Filename too long
error: unable to create file src/Controls/tests/TestCases.Android.Tests/snapshots/android-notch-36/VerifyScrollViewWithScrollToPositionStartAndImageContentWhenOrientationHorizontal.png: Filename too long
error: unable to create file src/Controls/tests/TestCases.Android.Tests/snapshots/android-notch-36/VerifySelectionModeMultipleWhenProgrammaticSelectionWhithItemsSourceGroupList.png: Filename too long
error: unable to create file src/Controls/tests/TestCases.Android.Tests/snapshots/android-notch-36/VerifySelectionModeMultipleWhenProgrammaticSelectionWorksWithHorizontalList.png: Filename too long
error: unable to create file src/Controls/tests/TestCases.Android.Tests/snapshots/android-notch-36/VerifySelectionModeMultipleWhenProgrammaticSelectionWorksWithVerticalList.png: Filename too long
error: unable to create file src/Controls/tests/TestCases.Android.Tests/snapshots/android-notch-36/VerifySelectionModeSingleWhenProgrammaticSelectionWhithItemsSourceGroupList.png: Filename too long
error: unable to create file src/Controls/tests/TestCases.Android.Tests/snapshots/android-notch-36/VerifySelectionModeSingleWhenProgrammaticSelectionWorksWithHorizontalList.png: Filename too long
error: unable to create file src/Controls/tests/TestCases.Android.Tests/snapshots/android-notch-36/VerifySelectionModeSingleWhenProgrammaticSelectionWorksWithVerticalList.png: Filename too long
Updating files:  33% (7092/21488)Updating files:  34% (7306/21488)error: unable to create file src/Controls/tests/TestCases.Android.Tests/snapshots/android/Picker_SetFontAttributesItalicAndFontFamilyDokdo_VerifyFontAttributesAndFontFamily.png: Filename too long
Updating files:  35% (7521/21488)error: unable to create file src/Controls/tests/TestCases.Android.Tests/snapshots/android/SearchBar_SetHorizontalTextAlignmentAndVerticalTextAlignment_VerifyVisualState.png: Filename too long
Updating files:  36% (7736/21488)Updating files:  37% (7951/21488)error: unable to create file src/Controls/tests/TestCases.Android.Tests/snapshots/android/VerifyScrollViewWithScrollToPositionCenterAndAbsoluteLayoutContentWhenOrientationHorizontal.png: Filename too long
error: unable to create file src/Controls/tests/TestCases.Android.Tests/snapshots/android/VerifyScrollViewWithScrollToPositionCenterAndEditorContentWhenOrientationHorizontal.png: Filename too long
error: unable to create file src/Controls/tests/TestCases.Android.Tests/snapshots/android/VerifyScrollViewWithScrollToPositionCenterAndGridContentWhenOrientationHorizontal.png: Filename too long
error: unable to create file src/Controls/tests/TestCases.Android.Tests/snapshots/android/VerifyScrollViewWithScrollToPositionCenterAndHorizontalLayoutContentWhenOrientationHorizontal.png: Filename too long
error: unable to create file src/Controls/tests/TestCases.Android.Tests/snapshots/android/VerifyScrollViewWithScrollToPositionCenterAndImageContentWhenOrientationHorizontal.png: Filename too long
error: unable to create file src/Controls/tests/TestCases.Android.Tests/snapshots/android/VerifyScrollViewWithScrollToPositionEndAndAbsoluteLayoutContentWhenOrientationHorizontal.png: Filename too long
error: unable to create file src/Controls/tests/TestCases.Android.Tests/snapshots/android/VerifyScrollViewWithScrollToPositionEndAndEditorContentWhenOrientationHorizontal.png: Filename too long
error: unable to create file src/Controls/tests/TestCases.Android.Tests/snapshots/android/VerifyScrollViewWithScrollToPositionEndAndGridContentWhenOrientationHorizontal.png: Filename too long
error: unable to create file src/Controls/tests/TestCases.Android.Tests/snapshots/android/VerifyScrollViewWithScrollToPositionEndAndHorizontalLayoutContentWhenOrientationHorizontal.png: Filename too long
error: unable to create file src/Controls/tests/TestCases.Android.Tests/snapshots/android/VerifyScrollViewWithScrollToPositionEndAndImageContentWhenOrientationHorizontal.png: Filename too long
error: unable to create file src/Controls/tests/TestCases.Android.Tests/snapshots/android/VerifyScrollViewWithScrollToPositionMakeVisibleAndAbsoluteContentWhenOrientationHorizontal.png: Filename too long
error: unable to create file src/Controls/tests/TestCases.Android.Tests/snapshots/android/VerifyScrollViewWithScrollToPositionMakeVisibleAndEditorContentWhenOrientationHorizontal.png: Filename too long
error: unable to create file src/Controls/tests/TestCases.Android.Tests/snapshots/android/VerifyScrollViewWithScrollToPositionMakeVisibleAndGridContentWhenOrientationHorizontal.png: Filename too long
error: unable to create file src/Controls/tests/TestCases.Android.Tests/snapshots/android/VerifyScrollViewWithScrollToPositionMakeVisibleAndHorizontalLayoutContentWhenOrientationHorizontal.png: Filename too long
error: unable to create file src/Controls/tests/TestCases.Android.Tests/snapshots/android/VerifyScrollViewWithScrollToPositionMakeVisibleAndImageContentWhenOrientationHorizontal.png: Filename too long
error: unable to create file src/Controls/tests/TestCases.Android.Tests/snapshots/android/VerifyScrollViewWithScrollToPositionStartAndAbsoluteLayoutContentWhenOrientationHorizontal.png: Filename too long
error: unable to create file src/Controls/tests/TestCases.Android.Tests/snapshots/android/VerifyScrollViewWithScrollToPositionStartAndEditorContentWhenOrientationHorizontal.png: Filename too long
error: unable to create file src/Controls/tests/TestCases.Android.Tests/snapshots/android/VerifyScrollViewWithScrollToPositionStartAndGridContentWhenOrientationHorizontal.png: Filename too long
error: unable to create file src/Controls/tests/TestCases.Android.Tests/snapshots/android/VerifyScrollViewWithScrollToPositionStartAndHorizontalLayoutContentWhenOrientationHorizontal.png: Filename too long
error: unable to create file src/Controls/tests/TestCases.Android.Tests/snapshots/android/VerifyScrollViewWithScrollToPositionStartAndImageContentWhenOrientationHorizontal.png: Filename too long
Updating files:  38% (8166/21488)Updating files:  38% (8194/21488)Updating files:  39% (8381/21488)Updating files:  40% (8596/21488)Updating files:  41% (8811/21488)Updating files:  42% (9025/21488)Updating files:  43% (9240/21488)Updating files:  44% (9455/21488)Updating files:  45% (9670/21488)Updating files:  46% (9885/21488)Updating files:  46% (9964/21488)Updating files:  47% (10100/21488)Updating files:  48% (10315/21488)Updating files:  49% (10530/21488)Updating files:  50% (10744/21488)Updating files:  51% (10959/21488)Updating files:  52% (11174/21488)Updating files:  53% (11389/21488)Updating files:  53% (11496/21488)Updating files:  54% (11604/21488)Updating files:  55% (11819/21488)Updating files:  56% (12034/21488)Updating files:  57% (12249/21488)Updating files:  58% (12464/21488)Updating files:  59% (12678/21488)Updating files:  60% (12893/21488)error: unable to create file src/Controls/tests/TestCases.WinUI.Tests/snapshots/windows/Picker_SetFontAttributesItalicAndFontFamilyDokdo_VerifyFontAttributesAndFontFamily.png: Filename too long
Updating files:  61% (13108/21488)Updating files:  62% (13323/21488)Updating files:  62% (13434/21488)Updating files:  63% (13538/21488)error: unable to create file src/Controls/tests/TestCases.WinUI.Tests/snapshots/windows/VerifyScrollViewWithScrollToPositionCenterAndAbsoluteLayoutContentWhenOrientationHorizontal.png: Filename too long
error: unable to create file src/Controls/tests/TestCases.WinUI.Tests/snapshots/windows/VerifyScrollViewWithScrollToPositionCenterAndGridContentWhenOrientationHorizontal.png: Filename too long
error: unable to create file src/Controls/tests/TestCases.WinUI.Tests/snapshots/windows/VerifyScrollViewWithScrollToPositionCenterAndHorizontalLayoutContentWhenOrientationHorizontal.png: Filename too long
error: unable to create file src/Controls/tests/TestCases.WinUI.Tests/snapshots/windows/VerifyScrollViewWithScrollToPositionCenterAndImageContentWhenOrientationHorizontal.png: Filename too long
error: unable to create file src/Controls/tests/TestCases.WinUI.Tests/snapshots/windows/VerifyScrollViewWithScrollToPositionEndAndAbsoluteLayoutContentWhenOrientationHorizontal.png: Filename too long
error: unable to create file src/Controls/tests/TestCases.WinUI.Tests/snapshots/windows/VerifyScrollViewWithScrollToPositionEndAndHorizontalLayoutContentWhenOrientationHorizontal.png: Filename too long
error: unable to create file src/Controls/tests/TestCases.WinUI.Tests/snapshots/windows/VerifyScrollViewWithScrollToPositionMakeVisibleAndAbsoluteContentWhenOrientationHorizontal.png: Filename too long
error: unable to create file src/Controls/tests/TestCases.WinUI.Tests/snapshots/windows/VerifyScrollViewWithScrollToPositionMakeVisibleAndGridContentWhenOrientationHorizontal.png: Filename too long
error: unable to create file src/Controls/tests/TestCases.WinUI.Tests/snapshots/windows/VerifyScrollViewWithScrollToPositionMakeVisibleAndHorizontalLayoutContentWhenOrientationHorizontal.png: Filename too long
error: unable to create file src/Controls/tests/TestCases.WinUI.Tests/snapshots/windows/VerifyScrollViewWithScrollToPositionMakeVisibleAndImageContentWhenOrientationHorizontal.png: Filename too long
error: unable to create file src/Controls/tests/TestCases.WinUI.Tests/snapshots/windows/VerifyScrollViewWithScrollToPositionStartAndAbsoluteLayoutContentWhenOrientationHorizontal.png: Filename too long
error: unable to create file src/Controls/tests/TestCases.WinUI.Tests/snapshots/windows/VerifyScrollViewWithScrollToPositionStartAndGridContentWhenOrientationHorizontal.png: Filename too long
error: unable to create file src/Controls/tests/TestCases.WinUI.Tests/snapshots/windows/VerifyScrollViewWithScrollToPositionStartAndHorizontalLayoutContentWhenOrientationHorizontal.png: Filename too long
error: unable to create file src/Controls/tests/TestCases.WinUI.Tests/snapshots/windows/VerifyScrollViewWithScrollToPositionStartAndImageContentWhenOrientationHorizontal.png: Filename too long
Updating files:  64% (13753/21488)Updating files:  65% (13968/21488)Updating files:  66% (14183/21488)Updating files:  67% (14397/21488)Updating files:  68% (14612/21488)Updating files:  68% (14698/21488)Updating files:  69% (14827/21488)Updating files:  70% (15042/21488)Updating files:  71% (15257/21488)Updating files:  72% (15472/21488)Updating files:  73% (15687/21488)Updating files:  74% (15902/21488)Updating files:  74% (15924/21488)Updating files:  75% (16116/21488)Updating files:  76% (16331/21488)Updating files:  77% (16546/21488)Updating files:  78% (16761/21488)Updating files:  79% (16976/21488)Updating files:  80% (17191/21488)Updating files:  81% (17406/21488)Updating files:  82% (17621/21488)Updating files:  83% (17836/21488)Updating files:  83% (17881/21488)Updating files:  84% (18050/21488)Updating files:  85% (18265/21488)Updating files:  86% (18480/21488)Updating files:  87% (18695/21488)Updating files:  88% (18910/21488)Updating files:  89% (19125/21488)Updating files:  90% (19340/21488)Updating files:  90% (19511/21488)Updating files:  91% (19555/21488)Updating files:  92% (19769/21488)fatal: cannot create directory at 'src/SingleProject/Resizetizer/test/UnitTests/imageresults/ResizetizeImagesTests+ExecuteForAndroid/DiffPropoprtionAppIconWithoutBaseUseBackgroundSize': Filename too long
warning: Clone succeeded, but checkout failed.
You can inspect what was checked out with 'git status'
and retry with 'git restore --source=HEAD :/'

"
https://github.com/QL-Win/QuickLook,22149,master,b43f014ae05ae468d3d37d30398e3aaece7ae3bf,repos\QL-Win__QuickLook,False,False,0,,758,26612,False,build_failed|no_tests
https://github.com/thangchung/awesome-dotnet-core,21053,master,d25db57585a4fd1f9fd1f8613f4202599286b60b,repos\thangchung__awesome-dotnet-core,False,False,0,,0,11,False,build_failed|no_tests|too_few_methods(0<10)|loc_too_low(11<1000)
https://github.com/dotnet/roslyn,20180,main,,,False,False,0,,0,0,False,"evaluation_error:Git clone failed: Cloning into 'repos\dotnet__roslyn'...
error: unable to create file src/Analyzers/CSharp/CodeFixes/ConditionalExpressionInStringInterpolation/CSharpAddParenthesesAroundConditionalExpressionInInterpolatedStringCodeFixProvider.cs: Filename too long
error: unable to create file src/Analyzers/CSharp/Tests/ConditionalExpressionInStringInterpolation/CSharpAddParenthesesAroundConditionalExpressionInInterpolatedStringCodeFixProviderTests.cs: Filename too long
error: unable to create file src/Analyzers/Core/Analyzers/RemoveUnusedParametersAndValues/AbstractRemoveUnusedParametersAndValuesDiagnosticAnalyzer.SymbolStartAnalyzer.BlockAnalyzer.cs: Filename too long
error: unable to create file src/Analyzers/Core/Analyzers/RemoveUnusedParametersAndValues/AbstractRemoveUnusedParametersAndValuesDiagnosticAnalyzer.SymbolStartAnalyzer.cs: Filename too long
Updating files:   6% (1292/20569)Updating files:   7% (1440/20569)error: unable to create file src/Analyzers/VisualBasic/Analyzers/UseCoalesceExpression/VisualBasicUseCoalesceExpressionForNullableTernaryConditionalCheckDiagnosticAnalyzer.vb: Filename too long
Updating files:   8% (1646/20569)Updating files:   9% (1852/20569)Updating files:  10% (2057/20569)Updating files:  11% (2263/20569)Updating files:  12% (2469/20569)Updating files:  12% (2611/20569)Updating files:  13% (2674/20569)Updating files:  14% (2880/20569)Updating files:  15% (3086/20569)Updating files:  16% (3292/20569)Updating files:  17% (3497/20569)Updating files:  17% (3573/20569)Updating files:  18% (3703/20569)Updating files:  19% (3909/20569)Updating files:  20% (4114/20569)Updating files:  21% (4320/20569)Updating files:  22% (4526/20569)Updating files:  23% (4731/20569)Updating files:  24% (4937/20569)Updating files:  25% (5143/20569)Updating files:  25% (5149/20569)Updating files:  26% (5348/20569)Updating files:  27% (5554/20569)Updating files:  28% (5760/20569)Updating files:  29% (5966/20569)Updating files:  30% (6171/20569)Updating files:  31% (6377/20569)Updating files:  31% (6534/20569)Updating files:  32% (6583/20569)Updating files:  33% (6788/20569)Updating files:  34% (6994/20569)Updating files:  35% (7200/20569)Updating files:  36% (7405/20569)Updating files:  37% (7611/20569)Updating files:  37% (7808/20569)Updating files:  38% (7817/20569)Updating files:  39% (8022/20569)Updating files:  40% (8228/20569)Updating files:  41% (8434/20569)Updating files:  42% (8639/20569)Updating files:  43% (8845/20569)error: unable to create file src/EditorFeatures/VisualBasic/AutomaticInsertionOfAbstractOrInterfaceMembers/AutomaticInsertionOfAbstractOrInterfaceMembersOptionsStorage.vb: Filename too long
Updating files:  44% (9051/20569)Updating files:  45% (9257/20569)Updating files:  45% (9315/20569)Updating files:  46% (9462/20569)Updating files:  47% (9668/20569)Updating files:  48% (9874/20569)Updating files:  49% (10079/20569)error: unable to create file src/Features/CSharp/Portable/ConvertBetweenRegularAndVerbatimString/ConvertBetweenRegularAndVerbatimInterpolatedStringCodeRefactoringProvider.cs: Filename too long
error: unable to create file src/Features/CSharp/Portable/ConvertPrimaryToRegularConstructor/ConvertPrimaryToRegularConstructorCodeRefactoringProvider_DocumentationComments.cs: Filename too long
Updating files:  50% (10285/20569)Updating files:  51% (10491/20569)Updating files:  52% (10696/20569)error: unable to create file src/Features/Core/Portable/AddConstructorParametersFromMembers/AddConstructorParametersFromMembersCodeRefactoringProvider.AddConstructorParameterResult.cs: Filename too long
error: unable to create file src/Features/Core/Portable/AddConstructorParametersFromMembers/AddConstructorParametersFromMembersCodeRefactoringProvider.AddConstructorParametersCodeAction.cs: Filename too long
error: unable to create file src/Features/Core/Portable/AddConstructorParametersFromMembers/AddConstructorParametersFromMembersCodeRefactoringProvider.ConstructorCandidate.cs: Filename too long
error: unable to create file src/Features/Core/Portable/CodeFixes/Configuration/ConfigureCodeStyle/ConfigureCodeStyleOptionCodeFixProvider.TopLevelConfigureCodeStyleOptionCodeAction.cs: Filename too long
error: unable to create file src/Features/Core/Portable/CodeFixes/Configuration/ConfigureSeverity/ConfigureSeverityLevelCodeFixProvider.TopLevelBulkConfigureSeverityCodeAction.cs: Filename too long
error: unable to create file src/Features/Core/Portable/CodeFixes/Configuration/ConfigureSeverity/ConfigureSeverityLevelCodeFixProvider.TopLevelConfigureSeverityCodeAction.cs: Filename too long
Updating files:  52% (10885/20569)Updating files:  53% (10902/20569)Updating files:  54% (11108/20569)Updating files:  55% (11313/20569)Updating files:  56% (11519/20569)error: unable to create file src/Features/Core/Portable/GenerateConstructors/AbstractGenerateConstructorsCodeRefactoringProvider.GenerateConstructorWithDialogCodeAction.cs: Filename too long
error: unable to create file src/Features/Core/Portable/LanguageServices/AnonymousTypeDisplayService/AbstractStructuralTypeDisplayService.StructuralTypeCollectorVisitor.cs: Filename too long
Updating files:  57% (11725/20569)Updating files:  58% (11931/20569)Updating files:  58% (12118/20569)Updating files:  59% (12136/20569)error: unable to create file src/Features/ExternalAccess/OmniSharp/CodeRefactorings/WorkspaceServices/IOmniSharpSymbolRenamedCodeActionOperationFactoryWorkspaceService.cs: Filename too long
error: unable to create file src/Features/ExternalAccess/OmniSharp/Internal/CodeRefactorings/WorkspaceServices/OmniSharpSymbolRenamedCodeActionOperationFactoryWorkspaceService.cs: Filename too long
Updating files:  59% (12272/20569)Updating files:  60% (12342/20569)Updating files:  61% (12548/20569)error: unable to create file src/Features/VisualBasic/Portable/ReplaceConditionalWithStatementsCodeRefactoringProvider/VisualBasicReplaceConditionalWithStatementsCodeRefactoringProvider.vb: Filename too long
Updating files:  62% (12753/20569)Updating files:  63% (12959/20569)error: unable to create file src/LanguageServer/Microsoft.CodeAnalysis.LanguageServer/BrokeredServices/Services/BrokeredServiceBridgeManifest/BrokeredServiceBridgeManifestService.cs: Filename too long
error: unable to create file src/LanguageServer/Microsoft.CodeAnalysis.LanguageServer/BrokeredServices/Services/BrokeredServiceBridgeManifest/IBrokeredServiceBridgeManifest.cs: Filename too long
error: unable to create file src/LanguageServer/Microsoft.CommonLanguageServerProtocol.Framework.UnitTests/Microsoft.CommonLanguageServerProtocol.Framework.UnitTests.csproj: Filename too long
Updating files:  64% (13165/20569)Updating files:  65% (13370/20569)Updating files:  66% (13576/20569)Updating files:  66% (13774/20569)Updating files:  67% (13782/20569)Updating files:  68% (13987/20569)error: unable to create file src/RoslynAnalyzers/Microsoft.CodeAnalysis.Analyzers/Core/MetaAnalyzers/DiagnosticAnalyzerCorrectnessAnalyzer.DiagnosticAnalyzerSymbolAnalyzer.cs: Filename too long
error: unable to create file src/RoslynAnalyzers/Microsoft.CodeAnalysis.Analyzers/Core/MetaAnalyzers/DiagnosticAnalyzerCorrectnessAnalyzer.SyntaxNodeWithinAnalyzerTypeCompilationAnalyzer.cs: Filename too long
error: unable to create file src/RoslynAnalyzers/Microsoft.CodeAnalysis.Analyzers/Core/MetaAnalyzers/Fixers/DefineDiagnosticDescriptorArgumentsCorrectlyFix.CustomFixAllProvider.cs: Filename too long
Updating files:  69% (14193/20569)error: unable to create file src/RoslynAnalyzers/Microsoft.CodeAnalysis.ResxSourceGenerator/Microsoft.CodeAnalysis.ResxSourceGenerator.CSharp/Microsoft.CodeAnalysis.ResxSourceGenerator.CSharp.csproj: Filename too long
error: unable to create file src/RoslynAnalyzers/Microsoft.CodeAnalysis.ResxSourceGenerator/Microsoft.CodeAnalysis.ResxSourceGenerator.UnitTests/Microsoft.CodeAnalysis.ResxSourceGenerator.UnitTests.csproj: Filename too long
fatal: cannot create directory at 'src/RoslynAnalyzers/Microsoft.CodeAnalysis.ResxSourceGenerator/Microsoft.CodeAnalysis.ResxSourceGenerator.UnitTests/Resources/SingleString_AsConstantsCSharpAsync_False': Filename too long
warning: Clone succeeded, but checkout failed.
You can inspect what was checked out with 'git status'
and retry with 'git restore --source=HEAD :/'

"
https://github.com/marticliment/UniGetUI,20154,main,c231213be055eccc6b574900256ede33f7a9495e,repos\marticliment__UniGetUI,False,True,8,xunit,835,30450,False,build_failed
https://github.com/peass-ng/PEASS-ng,19170,master,,,False,False,0,,0,0,False,"evaluation_error:Git clone failed: Cloning into 'repos\peass-ng__PEASS-ng'...
error: unable to create file winPEAS/winPEASexe/winPEAS/3rdParty/AlphaFS/Filesystem/Directory Class/Directory Core Methods/Directory.EnumerateFileIdBothDirectoryInfoCore.cs: Filename too long
error: unable to create file winPEAS/winPEASexe/winPEAS/3rdParty/AlphaFS/Filesystem/Directory Class/Directory Core Methods/Directory.EnumerateFileSystemEntryInfosCore.cs: Filename too long
error: unable to create file winPEAS/winPEASexe/winPEAS/3rdParty/AlphaFS/Filesystem/Directory Class/Directory Junctions, Links/Directory.CreateSymbolicLinkTransacted.cs: Filename too long
error: unable to create file winPEAS/winPEASexe/winPEAS/3rdParty/AlphaFS/Filesystem/DirectoryInfo Class/DirectoryInfo Junctions, Links/DirectoryInfo.CreateJunction.cs: Filename too long
error: unable to create file winPEAS/winPEASexe/winPEAS/3rdParty/AlphaFS/Filesystem/DirectoryInfo Class/DirectoryInfo Junctions, Links/DirectoryInfo.DeleteJunction.cs: Filename too long
error: unable to create file winPEAS/winPEASexe/winPEAS/3rdParty/AlphaFS/Filesystem/DirectoryInfo Class/DirectoryInfo Junctions, Links/DirectoryInfo.ExistsJunction.cs: Filename too long
Updating files:  88% (1364/1537)Updating files:  89% (1368/1537)Updating files:  90% (1384/1537)Updating files:  91% (1399/1537)Updating files:  92% (1415/1537)Updating files:  93% (1430/1537)Updating files:  94% (1445/1537)Updating files:  95% (1461/1537)Updating files:  96% (1476/1537)Updating files:  97% (1491/1537)Updating files:  98% (1507/1537)Updating files:  99% (1522/1537)Updating files: 100% (1537/1537)Updating files: 100% (1537/1537), done.
fatal: unable to checkout working tree
warning: Clone succeeded, but checkout failed.
You can inspect what was checked out with 'git status'
and retry with 'git restore --source=HEAD :/'

"
https://github.com/Unity-Technologies/ml-agents,19079,develop,acb30786a728cbe7e6165e0f6bd81b0f30107340,repos\Unity-Technologies__ml-agents,False,False,0,,881,26534,False,build_failed|no_tests
https://github.com/TGSAN/CMWTAT_Digital_Edition,18843,master,2bab2dfd5734ea1d1719b9a24d5541e09d333354,repos\TGSAN__CMWTAT_Digital_Edition,False,False,0,,20,2360,False,build_failed|no_tests
https://github.com/DapperLib/Dapper,18202,main,00b1023f292c436eb9830b3383fde68e177a13bf,repos\DapperLib__Dapper,False,True,2,xunit,616,11246,False,build_failed
https://github.com/rocksdanister/lively,18063,core-separation,9d996c3c6e49c2502e2cb368cdc29ee286a63ce0,repos\rocksdanister__lively,False,False,0,,822,34436,False,build_failed|no_tests
https://github.com/bitwarden/server,17949,main,,,False,False,0,,0,0,False,"evaluation_error:Git clone failed: Cloning into 'repos\bitwarden__server'...
error: unable to create file bitwarden_license/src/Commercial.Core/SecretsManager/AuthorizationHandlers/AccessPolicies/ProjectPeopleAccessPoliciesAuthorizationHandler.cs: Filename too long
error: unable to create file bitwarden_license/src/Commercial.Core/SecretsManager/AuthorizationHandlers/AccessPolicies/ProjectServiceAccountsAccessPoliciesAuthorizationHandler.cs: Filename too long
error: unable to create file bitwarden_license/src/Commercial.Core/SecretsManager/AuthorizationHandlers/AccessPolicies/SecretAccessPoliciesUpdatesAuthorizationHandler.cs: Filename too long
error: unable to create file bitwarden_license/src/Commercial.Core/SecretsManager/AuthorizationHandlers/AccessPolicies/ServiceAccountGrantedPoliciesAuthorizationHandler.cs: Filename too long
error: unable to create file bitwarden_license/src/Commercial.Core/SecretsManager/AuthorizationHandlers/AccessPolicies/ServiceAccountPeopleAccessPoliciesAuthorizationHandler.cs: Filename too long
error: unable to create file bitwarden_license/test/Commercial.Core.Test/SecretsManager/AuthorizationHandlers/AccessPolicies/ProjectPeopleAccessPoliciesAuthorizationHandlerTests.cs: Filename too long
error: unable to create file bitwarden_license/test/Commercial.Core.Test/SecretsManager/AuthorizationHandlers/AccessPolicies/ProjectServiceAccountsAccessPoliciesAuthorizationHandlerTests.cs: Filename too long
error: unable to create file bitwarden_license/test/Commercial.Core.Test/SecretsManager/AuthorizationHandlers/AccessPolicies/SecretAccessPoliciesUpdatesAuthorizationHandlerTests.cs: Filename too long
error: unable to create file bitwarden_license/test/Commercial.Core.Test/SecretsManager/AuthorizationHandlers/AccessPolicies/ServiceAccountGrantedPoliciesAuthorizationHandlerTests.cs: Filename too long
error: unable to create file bitwarden_license/test/Commercial.Core.Test/SecretsManager/AuthorizationHandlers/AccessPolicies/ServiceAccountPeopleAccessPoliciesAuthorizationHandlerTests.cs: Filename too long
error: unable to create file bitwarden_license/test/Commercial.Core.Test/SecretsManager/AuthorizationHandlers/ServiceAccounts/ServiceAccountAuthorizationHandlerTests.cs: Filename too long
error: unable to create file bitwarden_license/test/Commercial.Core.Test/SecretsManager/Commands/AccessPolicies/UpdateProjectServiceAccountsAccessPoliciesCommandTests.cs: Filename too long
error: unable to create file bitwarden_license/test/Commercial.Core.Test/SecretsManager/Queries/AccessPolicies/ProjectServiceAccountsAccessPoliciesUpdatesQueryTests.cs: Filename too long
error: unable to create file src/Core/AdminConsole/OrganizationFeatures/OrganizationUsers/InviteUsers/Validation/PasswordManager/InviteUsersPasswordManagerValidator.cs: Filename too long
Updating files:  24% (1389/5652)Updating files:  25% (1413/5652)Updating files:  26% (1470/5652)Updating files:  27% (1527/5652)Updating files:  28% (1583/5652)Updating files:  29% (1640/5652)Updating files:  30% (1696/5652)Updating files:  31% (1753/5652)Updating files:  32% (1809/5652)Updating files:  33% (1866/5652)Updating files:  34% (1922/5652)Updating files:  35% (1979/5652)Updating files:  36% (2035/5652)Updating files:  37% (2092/5652)Updating files:  38% (2148/5652)Updating files:  39% (2205/5652)Updating files:  40% (2261/5652)Updating files:  41% (2318/5652)Updating files:  42% (2374/5652)Updating files:  43% (2431/5652)Updating files:  43% (2455/5652)Updating files:  44% (2487/5652)Updating files:  45% (2544/5652)Updating files:  46% (2600/5652)Updating files:  47% (2657/5652)Updating files:  48% (2713/5652)Updating files:  49% (2770/5652)error: unable to create file src/Infrastructure.EntityFramework/Dirt/Repositories/Queries/OrganizationIntegrationConfigurationDetailsReadManyByEventTypeOrganizationIdIntegrationTypeQuery.cs: Filename too long
error: unable to create file src/Infrastructure.EntityFramework/Dirt/Repositories/Queries/OrganizationIntegrationConfigurationReadManyByOrganizationIntegrationIdQuery.cs: Filename too long
Updating files:  50% (2826/5652)Updating files:  51% (2883/5652)Updating files:  52% (2940/5652)Updating files:  53% (2996/5652)Updating files:  54% (3053/5652)Updating files:  55% (3109/5652)Updating files:  56% (3166/5652)Updating files:  57% (3222/5652)Updating files:  58% (3279/5652)Updating files:  59% (3335/5652)Updating files:  60% (3392/5652)Updating files:  61% (3448/5652)Updating files:  62% (3505/5652)Updating files:  63% (3561/5652)Updating files:  64% (3618/5652)Updating files:  64% (3629/5652)Updating files:  65% (3674/5652)Updating files:  66% (3731/5652)error: unable to create file test/Core.Test/AdminConsole/OrganizationFeatures/OrganizationUsers/AutoConfirmUsers/AutomaticallyConfirmOrganizationUsersValidatorTests.cs: Filename too long
error: unable to create file test/Core.Test/AdminConsole/OrganizationFeatures/OrganizationUsers/DeleteClaimedAccountvNext/DeleteClaimedOrganizationUserAccountCommandTests.cs: Filename too long
error: unable to create file test/Core.Test/AdminConsole/OrganizationFeatures/OrganizationUsers/DeleteClaimedAccountvNext/DeleteClaimedOrganizationUserAccountValidatorTests.cs: Filename too long
Updating files:  67% (3787/5652)error: unable to create file test/Core.Test/AdminConsole/OrganizationFeatures/Policies/Enforcement/AutoConfirm/AutomaticUserConfirmationPolicyEnforcementValidatorTests.cs: Filename too long
Updating files:  68% (3844/5652)Updating files:  69% (3900/5652)Updating files:  70% (3957/5652)Updating files:  71% (4013/5652)Updating files:  72% (4070/5652)Updating files:  73% (4126/5652)Updating files:  74% (4183/5652)Updating files:  75% (4239/5652)error: unable to create file test/Infrastructure.IntegrationTest/AdminConsole/Repositories/OrganizationUserRepository/GetManyByOrganizationWithClaimedDomainsAsyncTests.cs: Filename too long
Updating files:  76% (4296/5652)Updating files:  77% (4353/5652)Updating files:  78% (4409/5652)Updating files:  79% (4466/5652)Updating files:  80% (4522/5652)Updating files:  81% (4579/5652)Updating files:  82% (4635/5652)Updating files:  83% (4692/5652)Updating files:  84% (4748/5652)error: unable to create file util/Migrator/DbScripts/2025-12-05_00_UpdateOrganizationIntegrationConfigurationDetails_ReadManyByEventTypeOrganizationIdIntegrationType.sql: Filename too long
Updating files:  85% (4805/5652)Updating files:  85% (4830/5652)Updating files:  86% (4861/5652)Updating files:  87% (4918/5652)Updating files:  88% (4974/5652)Updating files:  89% (5031/5652)Updating files:  90% (5087/5652)Updating files:  91% (5144/5652)Updating files:  92% (5200/5652)Updating files:  93% (5257/5652)Updating files:  94% (5313/5652)Updating files:  95% (5370/5652)Updating files:  96% (5426/5652)Updating files:  97% (5483/5652)Updating files:  98% (5539/5652)Updating files:  99% (5596/5652)Updating files: 100% (5652/5652)Updating files: 100% (5652/5652), done.
fatal: unable to checkout working tree
warning: Clone succeeded, but checkout failed.
You can inspect what was checked out with 'git status'
and retry with 'git restore --source=HEAD :/'

"
https://github.com/ardalis/CleanArchitecture,17932,main,,,False,False,0,,0,0,False,"evaluation_error:Git clone failed: Cloning into 'repos\ardalis__CleanArchitecture'...
error: unable to create file MinimalClean/src/MinimalClean.Architecture.Web/Infrastructure/Data/Migrations/20251024232246_AddGuestUsersAndOrdersSqlServer.Designer.cs: Filename too long
fatal: unable to checkout working tree
warning: Clone succeeded, but checkout failed.
You can inspect what was checked out with 'git status'
and retry with 'git restore --source=HEAD :/'

"
https://github.com/ppy/osu,17841,master,cffeb92248b5b8689fbc584c314c2921192b1c58,repos\ppy__osu,False,True,22,nunit,5384,305241,False,build_failed
https://github.com/BluePointLilac/ContextMenuManager,17715,master,55507155dd8e49c7ab4606da97f2af192d590dfe,repos\BluePointLilac__ContextMenuManager,False,False,0,,221,14513,False,build_failed|no_tests
https://github.com/dotnet/runtime,17466,main,,,False,False,0,,0,0,False,"evaluation_error:Git clone failed: Cloning into 'repos\dotnet__runtime'...
Updating files:   2% (1574/56652)Updating files:   3% (1700/56652)Updating files:   4% (2267/56652)Updating files:   5% (2833/56652)error: unable to create file src/coreclr/nativeaot/System.Private.CoreLib/src/System/Reflection/Runtime/Assemblies/NativeFormat/NativeFormatRuntimeAssembly.GetTypeCore.CaseInsensitive.cs: Filename too long
error: unable to create file src/coreclr/nativeaot/System.Private.CoreLib/src/System/Reflection/Runtime/Assemblies/NativeFormat/NativeFormatRuntimeAssembly.GetTypeCore.CaseSensitive.cs: Filename too long
error: unable to create file src/coreclr/nativeaot/System.Private.CoreLib/src/System/Reflection/Runtime/TypeInfos/NativeFormat/NativeFormatRuntimeGenericParameterTypeInfo.cs: Filename too long
error: unable to create file src/coreclr/nativeaot/System.Private.CoreLib/src/System/Reflection/Runtime/TypeInfos/NativeFormat/NativeFormatRuntimeGenericParameterTypeInfoForMethods.UnificationKey.cs: Filename too long
error: unable to create file src/coreclr/nativeaot/System.Private.CoreLib/src/System/Reflection/Runtime/TypeInfos/NativeFormat/NativeFormatRuntimeGenericParameterTypeInfoForMethods.cs: Filename too long
error: unable to create file src/coreclr/nativeaot/System.Private.CoreLib/src/System/Reflection/Runtime/TypeInfos/NativeFormat/NativeFormatRuntimeGenericParameterTypeInfoForTypes.UnificationKey.cs: Filename too long
error: unable to create file src/coreclr/nativeaot/System.Private.CoreLib/src/System/Reflection/Runtime/TypeInfos/NativeFormat/NativeFormatRuntimeGenericParameterTypeInfoForTypes.cs: Filename too long
error: unable to create file src/coreclr/nativeaot/System.Private.CoreLib/src/System/Reflection/Runtime/TypeInfos/NativeFormat/NativeFormatRuntimeNamedTypeInfo.UnificationKey.cs: Filename too long
error: unable to create file src/coreclr/nativeaot/System.Private.CoreLib/src/System/Reflection/Runtime/TypeInfos/NativeFormat/NativeFormatRuntimeTypeInfo.CoreGetDeclared.cs: Filename too long
Updating files:   5% (3016/56652)error: unable to create file src/coreclr/nativeaot/System.Private.Reflection.Execution/src/Internal/Reflection/Execution/ExecutionEnvironmentImplementation.ManifestResources.cs: Filename too long
error: unable to create file src/coreclr/nativeaot/System.Private.Reflection.Execution/src/Internal/Reflection/Execution/ExecutionEnvironmentImplementation.MappingTables.cs: Filename too long
error: unable to create file src/coreclr/nativeaot/System.Private.Reflection.Execution/src/Internal/Reflection/Execution/FieldAccessors/PointerTypeFieldAccessorForInstanceFields.cs: Filename too long
error: unable to create file src/coreclr/nativeaot/System.Private.Reflection.Execution/src/Internal/Reflection/Execution/FieldAccessors/PointerTypeFieldAccessorForStaticFields.cs: Filename too long
error: unable to create file src/coreclr/nativeaot/System.Private.Reflection.Execution/src/Internal/Reflection/Execution/FieldAccessors/ReferenceTypeFieldAccessorForInstanceFields.cs: Filename too long
error: unable to create file src/coreclr/nativeaot/System.Private.Reflection.Execution/src/Internal/Reflection/Execution/FieldAccessors/ReferenceTypeFieldAccessorForStaticFields.cs: Filename too long
error: unable to create file src/coreclr/nativeaot/System.Private.Reflection.Execution/src/Internal/Reflection/Execution/FieldAccessors/ValueTypeFieldAccessorForInstanceFields.cs: Filename too long
error: unable to create file src/coreclr/nativeaot/System.Private.Reflection.Execution/src/Internal/Reflection/Execution/FieldAccessors/ValueTypeFieldAccessorForStaticFields.cs: Filename too long
error: unable to create file src/coreclr/nativeaot/System.Private.Reflection.Execution/src/Internal/Reflection/Execution/MethodInvokers/MethodInvokerWithMethodInvokeInfo.cs: Filename too long
error: unable to create file src/coreclr/nativeaot/System.Private.Reflection.Execution/src/Internal/Reflection/Execution/PayForPlayExperience/MissingMetadataExceptionCreator.cs: Filename too long
Updating files:   6% (3400/56652)Updating files:   7% (3966/56652)Updating files:   8% (4533/56652)Updating files:   8% (4535/56652)Updating files:   9% (5099/56652)Updating files:  10% (5666/56652)Updating files:  10% (6144/56652)Updating files:  11% (6232/56652)Updating files:  12% (6799/56652)Updating files:  13% (7365/56652)Updating files:  14% (7932/56652)Updating files:  14% (7949/56652)Updating files:  15% (8498/56652)Updating files:  16% (9065/56652)Updating files:  16% (9358/56652)fatal: cannot create directory at 'src/libraries/Microsoft.Extensions.Configuration.Binder/tests/SourceGenerationTests/Baselines/net462/ConfigurationBinder/Version0': Filename too long
warning: Clone succeeded, but checkout failed.
You can inspect what was checked out with 'git status'
and retry with 'git restore --source=HEAD :/'

"
https://github.com/netchx/netch,17363,main,9d99eb1c5a2acbf2a34f2600f94242601019a300,repos\netchx__netch,False,True,2,mstest,265,11153,False,build_failed
https://github.com/Klocman/Bulk-Crap-Uninstaller,17212,master,0d1bb6642f0c249cf37aa2280ed29451086e74e9,repos\Klocman__Bulk-Crap-Uninstaller,False,True,2,mstest,1539,74470,False,build_failed
https://github.com/OpenRA/OpenRA,16364,bleed,f827421b37032c17d20fe7b25d98b96580ed9be8,repos\OpenRA__OpenRA,True,True,1,nunit,5464,172448,True,
https://github.com/QuantConnect/Lean,16084,master,7f17838ad02faa7a21ff0c9984ebd94f95b393b9,repos\QuantConnect__Lean,True,True,1,nunit,8984,269791,True,
https://github.com/MaterialDesignInXAML/MaterialDesignInXamlToolkit,16011,master,,,False,False,0,,0,0,False,"evaluation_error:Git clone failed: Cloning into 'repos\MaterialDesignInXAML__MaterialDesignInXamlToolkit'...
error: unable to create file tests/MaterialDesignThemes.UITests/Samples/AutoSuggestBoxes/AutoSuggestTextBoxWithInteractiveTemplate.xaml: Filename too long
error: unable to create file tests/MaterialDesignThemes.UITests/Samples/AutoSuggestBoxes/AutoSuggestTextBoxWithInteractiveTemplate.xaml.cs: Filename too long
fatal: unable to checkout working tree
warning: Clone succeeded, but checkout failed.
You can inspect what was checked out with 'git status'
and retry with 'git restore --source=HEAD :/'

"
https://github.com/nilaoda/N_m3u8DL-CLI,15757,master,985f6e57c33de552561edd8f7b141a69bd75484c,repos\nilaoda__N_m3u8DL-CLI,False,False,0,,95,6366,False,build_failed|no_tests
https://github.com/Jackett/Jackett,14801,master,b6e1c78e04296e5207b77e2b5a56bc9bc84933ac,repos\Jackett__Jackett,False,True,2,"mstest,nunit",660,40630,False,build_failed
https://github.com/dotnet/efcore,14546,main,,,False,False,0,,0,0,False,"evaluation_error:Git clone failed: Cloning into 'repos\dotnet__efcore'...
Updating files:  27% (1676/6044)Updating files:  28% (1693/6044)Updating files:  29% (1753/6044)Updating files:  30% (1814/6044)Updating files:  31% (1874/6044)Updating files:  32% (1935/6044)Updating files:  33% (1995/6044)Updating files:  34% (2055/6044)Updating files:  35% (2116/6044)Updating files:  36% (2176/6044)Updating files:  37% (2237/6044)Updating files:  38% (2297/6044)Updating files:  39% (2358/6044)Updating files:  40% (2418/6044)Updating files:  41% (2479/6044)Updating files:  42% (2539/6044)Updating files:  43% (2599/6044)Updating files:  44% (2660/6044)Updating files:  45% (2720/6044)Updating files:  46% (2781/6044)Updating files:  47% (2841/6044)Updating files:  48% (2902/6044)Updating files:  49% (2962/6044)Updating files:  50% (3022/6044)Updating files:  51% (3083/6044)Updating files:  52% (3143/6044)Updating files:  53% (3204/6044)Updating files:  53% (3260/6044)Updating files:  54% (3264/6044)Updating files:  55% (3325/6044)Updating files:  56% (3385/6044)Updating files:  57% (3446/6044)Updating files:  58% (3506/6044)Updating files:  59% (3566/6044)Updating files:  60% (3627/6044)Updating files:  61% (3687/6044)Updating files:  62% (3748/6044)Updating files:  63% (3808/6044)Updating files:  64% (3869/6044)error: unable to create file test/EFCore.Relational.Specification.Tests/Query/Associations/ComplexTableSplitting/ComplexTableSplittingPrimitiveCollectionRelationalTestBase.cs: Filename too long
error: unable to create file test/EFCore.Relational.Specification.Tests/Query/Associations/ComplexTableSplitting/ComplexTableSplittingStructuralEqualityRelationalTestBase.cs: Filename too long
error: unable to create file test/EFCore.Relational.Specification.Tests/Query/Associations/OwnedTableSplitting/OwnedTableSplittingPrimitiveCollectionRelationalTestBase.cs: Filename too long
Updating files:  65% (3929/6044)Updating files:  66% (3990/6044)Updating files:  67% (4050/6044)Updating files:  68% (4110/6044)Updating files:  69% (4171/6044)Updating files:  70% (4231/6044)Updating files:  71% (4292/6044)Updating files:  72% (4352/6044)Updating files:  73% (4413/6044)Updating files:  74% (4473/6044)Updating files:  75% (4533/6044)Updating files:  76% (4594/6044)Updating files:  77% (4654/6044)Updating files:  78% (4715/6044)Updating files:  79% (4775/6044)Updating files:  80% (4836/6044)Updating files:  80% (4837/6044)Updating files:  81% (4896/6044)Updating files:  82% (4957/6044)Updating files:  83% (5017/6044)Updating files:  84% (5077/6044)error: unable to create file test/EFCore.SqlServer.FunctionalTests/Scaffolding/Baselines/BigModel_with_JSON_columns/PrincipalBasePrincipalDerivedDependentBasebyteEntityType.cs: Filename too long
Updating files:  85% (5138/6044)error: unable to create file test/EFCore.SqlServer.FunctionalTests/Scaffolding/Baselines/Custom_function_parameter_type_mapping/FunctionParameterTypeMappingContextAssemblyAttributes.cs: Filename too long
error: unable to create file test/EFCore.SqlServer.FunctionalTests/Scaffolding/Baselines/Custom_function_parameter_type_mapping/FunctionParameterTypeMappingContextModel.cs: Filename too long
error: unable to create file test/EFCore.SqlServer.FunctionalTests/Scaffolding/Baselines/Custom_function_parameter_type_mapping/FunctionParameterTypeMappingContextModelBuilder.cs: Filename too long
Updating files:  86% (5198/6044)Updating files:  87% (5259/6044)Updating files:  88% (5319/6044)Updating files:  89% (5380/6044)Updating files:  90% (5440/6044)Updating files:  91% (5501/6044)Updating files:  92% (5561/6044)Updating files:  93% (5621/6044)Updating files:  94% (5682/6044)error: unable to create file test/EFCore.Sqlite.FunctionalTests/Scaffolding/Baselines/BigModel_with_JSON_columns/PrincipalBasePrincipalDerivedDependentBasebyteEntityType.cs: Filename too long
error: unable to create file test/EFCore.Sqlite.FunctionalTests/Scaffolding/Baselines/Custom_function_parameter_type_mapping/FunctionParameterTypeMappingContextAssemblyAttributes.cs: Filename too long
error: unable to create file test/EFCore.Sqlite.FunctionalTests/Scaffolding/Baselines/Custom_function_parameter_type_mapping/FunctionParameterTypeMappingContextModelBuilder.cs: Filename too long
Updating files:  95% (5742/6044)Updating files:  96% (5803/6044)Updating files:  97% (5863/6044)Updating files:  98% (5924/6044)Updating files:  99% (5984/6044)Updating files:  99% (6041/6044)Updating files: 100% (6044/6044)Updating files: 100% (6044/6044), done.
fatal: unable to checkout working tree
warning: Clone succeeded, but checkout failed.
You can inspect what was checked out with 'git status'
and retry with 'git restore --source=HEAD :/'

"
https://github.com/abpframework/abp,14120,dev,,,False,False,0,,0,0,False,"evaluation_error:Git clone failed: Cloning into 'repos\abpframework__abp'...
error: unable to create file docs/en/Blog-Posts/2023-04-11-Top-10-NET-Core-Libraries-Every-Developer-Should-Know/Top 10 .NET Core Libraries Every Developer Should Know.md: Filename too long
error: unable to create file docs/en/Blog-Posts/2023-04-11-Top-10-NET-Core-Libraries-Every-Developer-Should-Know/essential-10-net-libraries-every-developer-must-know.png: Filename too long
Updating files:   3% (737/20564)Updating files:   4% (823/20564)warning: unable to access 'docs/en/Community-Articles/2020-05-29-Real-Time-Messaging-In-A-Distributed-Architecture-Using-Abp-Framework-SingalR-RabbitMQ/.gitattributes': Filename too long
error: unable to create file docs/en/Community-Articles/2020-05-29-Real-Time-Messaging-In-A-Distributed-Architecture-Using-Abp-Framework-SingalR-RabbitMQ/dataflow-diagram.png: Filename too long
error: unable to create file docs/en/Community-Articles/2020-07-21-File-Upload-Download-With-BLOB-Storage-System-in-ASPNET-Core-ABP-Framework/application-contracts-project.png: Filename too long
error: unable to create file docs/en/Community-Articles/2020-08-18-Using-DevExtreme-Components-With-The-ABP-Framework/Using-DevExtreme-Components-With-The-ABP-Framework.md: Filename too long
Updating files:   5% (1029/20564)error: unable to create file docs/en/Community-Articles/2020-09-16-How-to-Setup-Azure-Active-Directory-and-Integrate-Abp-Angular-Application/azure-app-authentication.jpg: Filename too long
error: unable to create file docs/en/Community-Articles/2020-09-16-How-to-Setup-Azure-Active-Directory-and-Integrate-Abp-Angular-Application/azure-app-registration.jpg: Filename too long
error: unable to create file docs/en/Community-Articles/2020-09-28-Using-DevExtremeAngularComponents-With-The-ABP-Framework/Using-DevExtremeAngularComponents-With-The-ABP-Framework.md: Filename too long
Updating files:   5% (1177/20564)error: unable to create file docs/en/Community-Articles/2021-11-29-Integrating-DevExpress-Reporting-To-ABP-MVC-Application/Integrating-DevExpress-Reporting-To-ABP-MVC-Application.md: Filename too long
Updating files:   6% (1234/20564)error: unable to create file docs/en/Community-Articles/2023-01-30-How-To-Contribute-To-a-Open-Source-Software/how-can-I-contribute-to-open-source-projects-on-github.md: Filename too long
Updating files:   7% (1440/20564)error: unable to create file docs/en/Community-Articles/2023-04-03-abp-framework-open-source-web-application-development-framework/3a0a574d0d129822a1deb4f2f5b3310a.png: Filename too long
error: unable to create file docs/en/Community-Articles/2023-04-03-abp-framework-open-source-web-application-development-framework/3a0a574d690031cc40f67400922eecfb.png: Filename too long
error: unable to create file docs/en/Community-Articles/2023-04-03-abp-framework-open-source-web-application-development-framework/3a0a574dd6214b6de0cf998da277eb4d.png: Filename too long
error: unable to create file docs/en/Community-Articles/2023-04-03-abp-framework-open-source-web-application-development-framework/3a0a574e38a4fd3d6dda4f9884ecd502.png: Filename too long
error: unable to create file docs/en/Community-Articles/2023-04-03-abp-framework-open-source-web-application-development-framework/3a0a574edb1461fcb4a37a2cdd16783e.png: Filename too long
error: unable to create file docs/en/Community-Articles/2023-04-03-abp-framework-open-source-web-application-development-framework/3a0a574f237946f9746a99e2ef62fca8.png: Filename too long
error: unable to create file docs/en/Community-Articles/2023-04-03-abp-framework-open-source-web-application-development-framework/3a0a574f7e65be09cff31cdfeacadb66.png: Filename too long
error: unable to create file docs/en/Community-Articles/2023-04-03-abp-framework-open-source-web-application-development-framework/3a0a575077ee05f6b67f1d05658457ff.png: Filename too long
error: unable to create file docs/en/Community-Articles/2023-04-03-abp-framework-open-source-web-application-development-framework/3a0a5ba45243aa36cf8878e3907f96a8.png: Filename too long
error: unable to create file docs/en/Community-Articles/2023-04-03-abp-framework-open-source-web-application-development-framework/3a0a5ba4ffbab9c4d502284b08b92b18.png: Filename too long
error: unable to create file docs/en/Community-Articles/2023-04-03-abp-framework-open-source-web-application-development-framework/3a0a5bccb0f41d45e97f2ff4d962d5fd.png: Filename too long
error: unable to create file docs/en/Community-Articles/2023-04-07-abp-framework-the-ultimate-net-web-framework-for-rapid-application-development/3a0a6b3c7807c882c1889c1f431b86b7.png: Filename too long
error: unable to create file docs/en/Community-Articles/2023-04-07-abp-framework-the-ultimate-net-web-framework-for-rapid-application-development/3a0a6b3d69a4f5b2b15674fc70e97ba2.png: Filename too long
error: unable to create file docs/en/Community-Articles/2023-04-07-abp-framework-the-ultimate-net-web-framework-for-rapid-application-development/3a0a6b3dbc9eb0ada4effa3d06208fb4.png: Filename too long
error: unable to create file docs/en/Community-Articles/2023-04-07-abp-framework-the-ultimate-net-web-framework-for-rapid-application-development/3a0a6b43a8bea7e8df7d2ff6b7f1aa8f.png: Filename too long
error: unable to create file docs/en/Community-Articles/2023-04-07-abp-framework-the-ultimate-net-web-framework-for-rapid-application-development/3a0a6b44fb2a208a89d3c9a56916d653.png: Filename too long
error: unable to create file docs/en/Community-Articles/2023-04-07-abp-framework-the-ultimate-net-web-framework-for-rapid-application-development/3a0a6b45f7f68832d7a7f72262f3c216.png: Filename too long
error: unable to create file docs/en/Community-Articles/2023-04-07-abp-framework-the-ultimate-net-web-framework-for-rapid-application-development/3a0a6b4812b27aa05c1159478175fa02.png: Filename too long
error: unable to create file docs/en/Community-Articles/2023-04-07-abp-framework-the-ultimate-net-web-framework-for-rapid-application-development/3a0a6b492ee3cbf9482090fcc8473653.png: Filename too long
error: unable to create file docs/en/Community-Articles/2023-04-07-abp-framework-the-ultimate-net-web-framework-for-rapid-application-development/3a0a6b4b7f00461297fbe88d4c34b831.png: Filename too long
error: unable to create file docs/en/Community-Articles/2023-04-07-abp-framework-the-ultimate-net-web-framework-for-rapid-application-development/3a0a6b58d26f47970f6edd6f6fbee851.png: Filename too long
Updating files:   8% (1646/20564)Updating files:   8% (1696/20564)Updating files:   9% (1851/20564)fatal: cannot create directory at 'docs/en/Community-Articles/2025-02-20-Using-OutboxInbox-Pattern-for-Reliable-Event-Handling-in-a-Multi-Module-Monolithic-Application': Filename too long
warning: Clone succeeded, but checkout failed.
You can inspect what was checked out with 'git status'
and retry with 'git restore --source=HEAD :/'

"
https://github.com/duplicati/duplicati,14109,master,05d9457f364fcdeb9165dd1dff755bef8f8d629b,repos\duplicati__duplicati,True,True,6,"mstest,nunit",3588,114983,True,
https://github.com/App-vNext/Polly,14104,main,3fb78e0c769998aa5ed7c5e4f0584ad1627709f7,repos\App-vNext__Polly,True,True,9,xunit,1218,22509,True,
https://github.com/Tyrrrz/YoutubeDownloader,14032,master,d23f54a03c9c6baa12d962269ce47b3c61bfa699,repos\Tyrrrz__YoutubeDownloader,False,False,0,,92,2771,False,build_failed|no_tests
https://github.com/QuestPDF/QuestPDF,13755,main,65d63e28a05b9a9e145623e9e8f9602f91bfc95d,repos\QuestPDF__QuestPDF,False,True,8,nunit,1716,33122,False,build_failed
https://github.com/winsw/winsw,13652,v3,,,False,False,0,,0,0,False,"evaluation_error:Git clone failed: Cloning into 'repos\winsw__winsw'...
error: unable to create file .github/actions/milestone-management/node_modules/@octokit/plugin-rest-endpoint-methods/dist-types/generated/parameters-and-response-types.d.ts: Filename too long
fatal: unable to checkout working tree
warning: Clone succeeded, but checkout failed.
You can inspect what was checked out with 'git status'
and retry with 'git restore --source=HEAD :/'

"
https://github.com/Flow-Launcher/Flow.Launcher,13514,dev,6c8add051fc2bf714d22107a9bcddb985a3dba4b,repos\Flow-Launcher__Flow.Launcher,True,True,1,nunit,933,43157,True,
https://github.com/Tichau/FileConverter,13444,integration,0557dfbf131df0328c2d89a747725ec3c5a3ac0e,repos\Tichau__FileConverter,False,False,0,,141,10110,False,build_failed|no_tests
https://github.com/kgrzybek/modular-monolith-with-ddd,13312,master,,,False,False,0,,0,0,False,"evaluation_error:Git clone failed: Cloning into 'repos\kgrzybek__modular-monolith-with-ddd'...
error: unable to create file src/API/CompanyName.MyMeetings.API/Modules/Meetings/MeetingCommentingConfiguration/MeetingCommentingConfigurationController.cs: Filename too long
error: unable to create file src/Database/CompanyName.MyMeetings.Database/Scripts/Migrations/1_0_0_0/0002_change_meeting_comments_edit_date_type_and_add_meeting_comments_view.sql: Filename too long
error: unable to create file src/Database/CompanyName.MyMeetings.Database/Scripts/Migrations/1_0_0_0/0004_add_meeting_commenting_configurations_table.sql: Filename too long
error: unable to create file src/Database/CompanyName.MyMeetings.Database/Scripts/Migrations/1_0_0_0/0005_add_payer_id_to_subcription_details_view.sql: Filename too long
error: unable to create file src/Database/CompanyName.MyMeetings.Database/Scripts/Migrations/1_0_0_0/0011_add_likes_count_to_meeting_comments_table.sql: Filename too long
error: unable to create file src/Database/CompanyName.MyMeetings.Database/Scripts/Migrations/1_0_0_0/0012_add_likes_count_to_meeting_comments_view.sql: Filename too long
error: unable to create file src/Modules/Administration/Application/MeetingGroupProposals/AcceptMeetingGroupProposal/AcceptMeetingGroupProposalCommand.cs: Filename too long
error: unable to create file src/Modules/Administration/Application/MeetingGroupProposals/AcceptMeetingGroupProposal/AcceptMeetingGroupProposalCommandHandler.cs: Filename too long
error: unable to create file src/Modules/Administration/Application/MeetingGroupProposals/AcceptMeetingGroupProposal/MeetingGroupProposalAcceptedNotification.cs: Filename too long
error: unable to create file src/Modules/Administration/Application/MeetingGroupProposals/AcceptMeetingGroupProposal/MeetingGroupProposalAcceptedNotificationHandler.cs: Filename too long
error: unable to create file src/Modules/Administration/Application/MeetingGroupProposals/GetMeetingGroupProposal/GetMeetingGroupProposalQueryHandler.cs: Filename too long
error: unable to create file src/Modules/Administration/Application/MeetingGroupProposals/GetMeetingGroupProposals/GetMeetingGroupProposalsQueryHandler.cs: Filename too long
error: unable to create file src/Modules/Administration/Application/MeetingGroupProposals/RequestMeetingGroupProposalVerification/RequestMeetingGroupProposalVerificationCommand.cs: Filename too long
error: unable to create file src/Modules/Administration/Application/MeetingGroupProposals/RequestMeetingGroupProposalVerification/RequestMeetingGroupProposalVerificationCommandHandler.cs: Filename too long
error: unable to create file src/Modules/Administration/Infrastructure/Configuration/Processing/InternalCommands/ProcessInternalCommandsCommandHandler.cs: Filename too long
error: unable to create file src/Modules/Meetings/Application/MeetingCommentingConfigurations/DisableMeetingCommentingConfiguration/DisableMeetingCommentingConfigurationCommand.cs: Filename too long
error: unable to create file src/Modules/Meetings/Application/MeetingCommentingConfigurations/DisableMeetingCommentingConfiguration/DisableMeetingCommentingConfigurationCommandHandler.cs: Filename too long
error: unable to create file src/Modules/Meetings/Application/MeetingCommentingConfigurations/EnableMeetingCommentingConfiguration/EnableMeetingCommentingConfigurationCommand.cs: Filename too long
error: unable to create file src/Modules/Meetings/Application/MeetingCommentingConfigurations/EnableMeetingCommentingConfiguration/EnableMeetingCommentingConfigurationCommandHandler.cs: Filename too long
error: unable to create file src/Modules/Meetings/Application/MeetingCommentingConfigurations/GetMeetingCommentingConfiguration/GetMeetingCommentingConfigurationQuery.cs: Filename too long
error: unable to create file src/Modules/Meetings/Application/MeetingCommentingConfigurations/GetMeetingCommentingConfiguration/GetMeetingCommentingConfigurationQueryHandler.cs: Filename too long
error: unable to create file src/Modules/Meetings/Application/MeetingCommentingConfigurations/GetMeetingCommentingConfiguration/MeetingCommentingConfigurationDto.cs: Filename too long
error: unable to create file src/Modules/Meetings/Application/MeetingGroupProposals/AcceptMeetingGroupProposal/AcceptMeetingGroupProposalCommandHandler.cs: Filename too long
error: unable to create file src/Modules/Meetings/Application/MeetingGroupProposals/AcceptMeetingGroupProposal/AcceptMeetingGroupProposalCommandValidator.cs: Filename too long
error: unable to create file src/Modules/Meetings/Application/MeetingGroupProposals/AcceptMeetingGroupProposal/MeetingGroupProposalAcceptedNotification.cs: Filename too long
error: unable to create file src/Modules/Meetings/Application/MeetingGroupProposals/AcceptMeetingGroupProposal/MeetingGroupProposalAcceptedNotificationHandler.cs: Filename too long
error: unable to create file src/Modules/Meetings/Application/MeetingGroupProposals/GetAllMeetingGroupProposals/GetAllMeetingGroupProposalsQueryHandler.cs: Filename too long
error: unable to create file src/Modules/Meetings/Application/MeetingGroupProposals/GetMemberMeetingGroupProposals/GetMemberMeetingGroupProposalsQuery.cs: Filename too long
error: unable to create file src/Modules/Meetings/Application/MeetingGroupProposals/GetMemberMeetingGroupProposals/GetMemberMeetingGroupProposalsQueryHandler.cs: Filename too long
error: unable to create file src/Modules/Meetings/Application/MeetingGroups/EditMeetingGroupGeneralAttributes/EditMeetingGroupGeneralAttributesCommand.cs: Filename too long
error: unable to create file src/Modules/Meetings/Application/MeetingGroups/EditMeetingGroupGeneralAttributes/EditMeetingGroupGeneralAttributesCommandHandler.cs: Filename too long
error: unable to create file src/Modules/Meetings/Application/MeetingGroups/GetAuthenticationMemberMeetingGroups/GetAuthenticationMemberMeetingGroupsQuery.cs: Filename too long
error: unable to create file src/Modules/Meetings/Application/MeetingGroups/GetAuthenticationMemberMeetingGroups/GetAuthenticationMemberMeetingGroupsQueryHandler.cs: Filename too long
error: unable to create file src/Modules/Meetings/Application/MeetingGroups/SendMeetingGroupCreatedEmail/SendMeetingGroupCreatedEmailCommandHandler.cs: Filename too long
error: unable to create file src/Modules/Meetings/Application/MeetingGroups/SetMeetingGroupExpirationDate/SetMeetingGroupExpirationDateCommandHandler.cs: Filename too long
error: unable to create file src/Modules/Meetings/Application/Meetings/SendMeetingAttendeeAddedEmail/MeetingAttendeeAddedPublishEventNotificationHandler.cs: Filename too long
error: unable to create file src/Modules/Meetings/Application/MemberSubscriptions/ChangeSubscriptionExpirationDateForMember/ChangeSubscriptionExpirationDateForMemberCommand.cs: Filename too long
error: unable to create file src/Modules/Meetings/Application/MemberSubscriptions/ChangeSubscriptionExpirationDateForMember/ChangeSubscriptionExpirationDateForMemberCommandHandler.cs: Filename too long
error: unable to create file src/Modules/Meetings/Domain/MeetingCommentingConfigurations/Rules/MeetingCommentingCanBeDisabledOnlyByGroupOrganizerRule.cs: Filename too long
error: unable to create file src/Modules/Meetings/Domain/MeetingCommentingConfigurations/Rules/MeetingCommentingCanBeEnabledOnlyByGroupOrganizerRule.cs: Filename too long
error: unable to create file src/Modules/Meetings/Infrastructure/Domain/MeetingCommentingConfigurations/MeetingCommentingConfigurationEntityTypeConfiguration.cs: Filename too long
error: unable to create file src/Modules/Meetings/Tests/IntegrationTests/MeetingCommentingConfigurations/CreateMeetingCommentingConfigurationTests.cs: Filename too long
error: unable to create file src/Modules/Meetings/Tests/IntegrationTests/MeetingCommentingConfigurations/DisableMeetingCommentingConfigurationTests.cs: Filename too long
error: unable to create file src/Modules/Meetings/Tests/IntegrationTests/MeetingCommentingConfigurations/EnableMeetingCommentingConfigurationTests.cs: Filename too long
error: unable to create file src/Modules/Payments/Application/PriceListItems/ChangePriceListItemAttributes/ChangePriceListItemAttributesCommandHandler.cs: Filename too long
error: unable to create file src/Modules/Payments/Application/Subscriptions/MarkSubscriptionPaymentAsPaid/MarkSubscriptionPaymentAsPaidCommandHandler.cs: Filename too long
error: unable to create file src/Modules/Payments/Application/Subscriptions/MarkSubscriptionPaymentAsPaid/SubscriptionPaymentPaidNotificationHandler.cs: Filename too long
error: unable to create file src/Modules/Payments/Application/Subscriptions/MarkSubscriptionRenewalPaymentAsPaid/MarkSubscriptionRenewalPaymentAsPaidCommand.cs: Filename too long
error: unable to create file src/Modules/Payments/Application/Subscriptions/MarkSubscriptionRenewalPaymentAsPaid/MarkSubscriptionRenewalPaymentAsPaidCommandHandler.cs: Filename too long
error: unable to create file src/Modules/Payments/Application/Subscriptions/MarkSubscriptionRenewalPaymentAsPaid/SubscriptionRenewalPaymentAsPaidNotificationHandler.cs: Filename too long
error: unable to create file src/Modules/Payments/Application/Subscriptions/MarkSubscriptionRenewalPaymentAsPaid/SubscriptionRenewalPaymentPaidNotification.cs: Filename too long
error: unable to create file src/Modules/Payments/Application/Subscriptions/SendSubscriptionCreationConfirmationEmail/SendSubscriptionCreationConfirmationEmailCommand.cs: Filename too long
error: unable to create file src/Modules/Payments/Application/Subscriptions/SendSubscriptionCreationConfirmationEmail/SendSubscriptionCreationConfirmationEmailCommandHandler.cs: Filename too long
error: unable to create file src/Modules/Payments/Application/Subscriptions/SendSubscriptionRenewalConfirmationEmail/SendSubscriptionRenewalConfirmationEmailCommand.cs: Filename too long
error: unable to create file src/Modules/Payments/Application/Subscriptions/SendSubscriptionRenewalConfirmationEmail/SendSubscriptionRenewalConfirmationEmailCommandHandler.cs: Filename too long
error: unable to create file src/Modules/Registrations/Application/UserRegistrations/ConfirmUserRegistration/ConfirmUserRegistrationCommandHandler.cs: Filename too long
error: unable to create file src/Modules/Registrations/Application/UserRegistrations/ConfirmUserRegistration/UserRegistrationConfirmedNotification.cs: Filename too long
error: unable to create file src/Modules/Registrations/Application/UserRegistrations/ConfirmUserRegistration/UserRegistrationConfirmedNotificationHandler.cs: Filename too long
error: unable to create file src/Modules/Registrations/Application/UserRegistrations/RegisterNewUser/NewUserRegisteredEnqueueEmailConfirmationHandler.cs: Filename too long
error: unable to create file src/Modules/Registrations/Application/UserRegistrations/SendUserRegistrationConfirmationEmail/SendUserRegistrationConfirmationEmailCommand.cs: Filename too long
error: unable to create file src/Modules/Registrations/Application/UserRegistrations/SendUserRegistrationConfirmationEmail/SendUserRegistrationConfirmationEmailCommandHandler.cs: Filename too long
error: unable to create file src/Modules/Registrations/Infrastructure/Configuration/Processing/InternalCommands/ProcessInternalCommandsCommandHandler.cs: Filename too long
error: unable to create file src/Modules/UserAccess/Application/Authorization/GetAuthenticatedUserPermissions/GetAuthenticatedUserPermissionsQuery.cs: Filename too long
error: unable to create file src/Modules/UserAccess/Application/Authorization/GetAuthenticatedUserPermissions/GetAuthenticatedUserPermissionsQueryHandler.cs: Filename too long
error: unable to create file src/Modules/UserAccess/Infrastructure/Configuration/Processing/InternalCommands/ProcessInternalCommandsCommandHandler.cs: Filename too long
fatal: unable to checkout working tree
warning: Clone succeeded, but checkout failed.
You can inspect what was checked out with 'git status'
and retry with 'git restore --source=HEAD :/'

"
https://github.com/srwi/EverythingToolbar,13284,develop,28ab1bd607a01e3fccf0c7f8abc7a0f6820c189c,repos\srwi__EverythingToolbar,False,False,0,,175,12052,False,build_failed|no_tests
https://github.com/nilaoda/BBDown,13257,master,259a5558cee0a349a7ebb60bd31e40c88e5bc1ed,repos\nilaoda__BBDown,True,False,0,,101,5639,False,no_tests
https://github.com/Sonarr/Sonarr,13141,v5-develop,b88b7e15c1b64e723f7898cf58a3227eb5cf69a5,repos\Sonarr__Sonarr,False,True,12,nunit,6942,179127,False,build_failed
https://github.com/MonoGame/MonoGame,13088,develop,,,False,False,0,,0,0,False,"evaluation_error:Git clone failed: Cloning into 'repos\MonoGame__MonoGame'...
Updating files:  67% (1385/2062)Updating files:  68% (1403/2062)Updating files:  69% (1423/2062)Updating files:  70% (1444/2062)Updating files:  71% (1465/2062)Updating files:  72% (1485/2062)Updating files:  73% (1506/2062)Updating files:  74% (1526/2062)Updating files:  75% (1547/2062)error: unable to create file Tests/Interactive/MacOS/MouseGetStateAndIsMouseVisibleTester/MouseGetStateAndIsMouseVisibleTester/MouseGetStateAndIsMouseVisibleTester.csproj: Filename too long
Updating files:  76% (1568/2062)Updating files:  77% (1588/2062)Updating files:  78% (1609/2062)Updating files:  79% (1629/2062)Updating files:  80% (1650/2062)Updating files:  81% (1671/2062)Updating files:  82% (1691/2062)Updating files:  83% (1712/2062)Updating files:  84% (1733/2062)Updating files:  85% (1753/2062)Updating files:  86% (1774/2062)Updating files:  87% (1794/2062)Updating files:  88% (1815/2062)Updating files:  89% (1836/2062)Updating files:  90% (1856/2062)Updating files:  91% (1877/2062)Updating files:  92% (1898/2062)Updating files:  93% (1918/2062)Updating files:  94% (1939/2062)Updating files:  95% (1959/2062)Updating files:  96% (1980/2062)Updating files:  97% (2001/2062)Updating files:  98% (2021/2062)Updating files:  99% (2042/2062)Updating files: 100% (2062/2062)Updating files: 100% (2062/2062), done.
fatal: unable to checkout working tree
warning: Clone succeeded, but checkout failed.
You can inspect what was checked out with 'git status'
and retry with 'git restore --source=HEAD :/'

"
https://github.com/dotnet/AspNetCore.Docs,13060,main,,,False,False,0,,0,0,False,"evaluation_error:Git clone failed: Cloning into 'repos\dotnet__AspNetCore.Docs'...
fatal: cannot create directory at 'aspnetcore/data/ef-rp/intro/samples/cu-completed-stages/part4/ContosoUniversity/wwwroot/lib/jquery-validation-unobtrusive': Filename too long
warning: Clone succeeded, but checkout failed.
You can inspect what was checked out with 'git status'
and retry with 'git restore --source=HEAD :/'

"
https://github.com/JustArchiNET/ArchiSteamFarm,13012,main,bacbfbe872d13326a9769db4ec2e6f49661b7e10,repos\JustArchiNET__ArchiSteamFarm,True,True,1,mstest,485,28085,True,
https://github.com/Radarr/Radarr,12936,develop,89110c2cc8ec671d718cf34acc845f66d475a427,repos\Radarr__Radarr,False,True,12,nunit,5993,153755,False,build_failed
https://github.com/Unity-Technologies/UnityCsReference,12685,master,59b03b8a0f179c0b7e038178c90b6c80b340aa9f,repos\Unity-Technologies__UnityCsReference,False,True,1,nunit,30730,888394,False,build_failed
https://github.com/dotnet/csharplang,12474,main,61f06216967ed264a8f83c71bff482f3eb6ac113,repos\dotnet__csharplang,False,False,0,,453,556,False,build_failed|no_tests|loc_too_low(556<1000)
https://github.com/JosefNemec/Playnite,12342,master,3cc38a4bd2f28ff86d4f4fab0971c61f3c698b00,repos\JosefNemec__Playnite,False,True,10,"mstest,nunit",3467,105236,False,build_failed
https://github.com/babalae/better-genshin-impact,12239,main,42ef97b1cd41f9005483cf7430a935de19a71dea,repos\babalae__better-genshin-impact,True,True,2,xunit,1812,72916,True,
https://github.com/d2phap/ImageGlass,12097,develop,87f94ad4012b8698e3a8e6487838e0431d404cb4,repos\d2phap__ImageGlass,False,False,0,,793,46566,False,build_failed|no_tests
https://github.com/wmjordan/PDFPatcher,12086,master,95d81226753467d86c7230958320594462eeca89,repos\wmjordan__PDFPatcher,True,False,0,,809,55994,False,no_tests
https://github.com/seerge/g-helper,12054,main,2d4611c800e445314a56fc6035f6d2d39c3008ee,repos\seerge__g-helper,False,False,0,,1326,35820,False,build_failed|no_tests
https://github.com/SubtitleEdit/subtitleedit,12030,main,4acf6fa2506fee70eabcf6e9e2ccd82ec6f82e71,repos\SubtitleEdit__subtitleedit,False,True,1,mstest,3186,422361,False,build_failed
https://github.com/aspnetboilerplate/aspnetboilerplate,11994,dev,,,False,False,0,,0,0,False,"evaluation_error:Git clone failed: Cloning into 'repos\aspnetboilerplate__aspnetboilerplate'...
error: unable to create file doc/WebSite/Articles/Developing-MultiTenant-SaaS-ASP.NET-CORE-Angular/Developing-MultiTenant-SaaS-ASP.NET-CORE-Angular5.md: Filename too long
warning: unable to access 'doc/WebSite/Articles/Developing-a-Multi-Tenant-SaaS-Application-with-ASP.NET-MVC-EntityFramework-AngularJs/.gitattributes': Filename too long
error: unable to create file doc/WebSite/Articles/Developing-a-Multi-Tenant-SaaS-Application-with-ASP.NET-MVC-EntityFramework-AngularJs/create-template-2.png: Filename too long
error: unable to create file doc/WebSite/Articles/Developing-a-Multi-Tenant-SaaS-Application-with-ASP.NET-MVC-EntityFramework-AngularJs/create-template-3.png: Filename too long
error: unable to create file doc/WebSite/Articles/Developing-a-Multi-Tenant-SaaS-Application-with-ASP.NET-MVC-EntityFramework-AngularJs/create-template-4.png: Filename too long
error: unable to create file doc/WebSite/Articles/Developing-a-Multi-Tenant-SaaS-Application-with-ASP.NET-MVC-EntityFramework-AngularJs/event-detail-page.png: Filename too long
error: unable to create file doc/WebSite/Articles/Developing-a-Multi-Tenant-SaaS-Application-with-ASP.NET-MVC-EntityFramework-AngularJs/event-list-page.png: Filename too long
error: unable to create file doc/WebSite/Articles/Developing-a-Multi-Tenant-SaaS-Application-with-ASP.NET-MVC-EntityFramework-AngularJs/initial-layout.png: Filename too long
error: unable to create file doc/WebSite/Articles/Developing-a-Multi-Tenant-SaaS-Application-with-ASP.NET-MVC-EntityFramework-AngularJs/initial-login-page.png: Filename too long
error: unable to create file doc/WebSite/Articles/Developing-a-Multi-Tenant-SaaS-Application-with-ASP.NET-MVC-EntityFramework-AngularJs/login-page-v2.jpg: Filename too long
error: unable to create file doc/WebSite/Articles/Developing-a-Multi-Tenant-SaaS-Application-with-ASP.NET-MVC-EntityFramework-AngularJs/login-page.jpg: Filename too long
error: unable to create file doc/WebSite/Articles/Developing-a-Multi-Tenant-SaaS-Application-with-ASP.NET-MVC-EntityFramework-AngularJs/pmc-update-database.png: Filename too long
error: unable to create file doc/WebSite/Articles/Developing-a-Multi-Tenant-SaaS-Application-with-ASP.NET-MVC-EntityFramework-AngularJs/solution-structure.png: Filename too long
error: unable to create file doc/WebSite/Articles/Developing-a-Multi-Tenant-SaaS-Application-with-ASP.NET-MVC-EntityFramework-AngularJs/token-api-call.png: Filename too long
error: unable to create file doc/WebSite/Articles/Developing-a-Multi-Tenant-SaaS-Application-with-ASP.NET-MVC-EntityFramework-AngularJs/token-auth.png: Filename too long
error: unable to create file doc/WebSite/Articles/Introduction-With-AspNet-Core-And-Entity-Framework-Core-Part-1/EntityFrameworkCore-Project-Migrations-2.png: Filename too long
error: unable to create file doc/WebSite/Articles/Introduction-With-AspNet-Core-And-Entity-Framework-Core-Part-1/EntityFrameworkCore-Project-Migrations.png: Filename too long
error: unable to create file doc/WebSite/Articles/Introduction-With-AspNet-MVC-Web-API-EntityFramework-and-AngularJs/simple-task-system-screenshot.png: Filename too long
error: unable to create file doc/WebSite/Articles/Running-in-Docker-Containers-and-Building-a-Web-Farm-Load-Balancer-Scenario/docker-config-folder.PNG: Filename too long
error: unable to create file doc/WebSite/Articles/Running-in-Docker-Containers-and-Building-a-Web-Farm-Load-Balancer-Scenario/module-zero-core-template-ui-login2.png: Filename too long
error: unable to create file src/Abp.ZeroCore.IdentityServer4.vNext.EntityFrameworkCore/Abp.ZeroCore.IdentityServer4.vNext.EntityFrameworkCore.csproj: Filename too long
error: unable to create file src/Abp.ZeroCore.NHibernate/Zero/FluentMigrator/Migrations/_20150301_01_Add_IsSuspended_To_AbpUsers_And_AbpTenants_Tables - Copy.cs: Filename too long
error: unable to create file src/Abp.ZeroCore.OpenIddict.EntityFrameworkCore/OpenIddict/EntityFrameworkCore/AbpZeroCoreOpenIddictEntityFrameworkCoreModule.cs: Filename too long
error: unable to create file src/Abp.ZeroCore.OpenIddict.EntityFrameworkCore/OpenIddict/EntityFrameworkCore/Applications/EfCoreOpenIddictApplicationRepository.cs: Filename too long
error: unable to create file src/Abp.ZeroCore.OpenIddict.EntityFrameworkCore/OpenIddict/EntityFrameworkCore/Authorizations/EfCoreOpenIddictAuthorizationRepository.cs: Filename too long
error: unable to create file src/Abp.ZeroCore.OpenIddict.EntityFrameworkCore/OpenIddict/EntityFrameworkCore/EfCoreOpenIddictDbConcurrencyExceptionHandler.cs: Filename too long
error: unable to create file src/Abp.ZeroCore.OpenIddict.EntityFrameworkCore/OpenIddict/EntityFrameworkCore/OpenIddictDbContextModelCreatingExtensions.cs: Filename too long
error: unable to create file src/Abp.ZeroCore.OpenIddict.EntityFrameworkCore/OpenIddict/EntityFrameworkCore/Scopes/EfCoreOpenIddictScopeRepository.cs: Filename too long
error: unable to create file src/Abp.ZeroCore.OpenIddict.EntityFrameworkCore/OpenIddict/EntityFrameworkCore/Tokens/EfCoreOpenIddictTokenRepository.cs: Filename too long
Updating files:  62% (1791/2856)Updating files:  63% (1800/2856)Updating files:  64% (1828/2856)Updating files:  65% (1857/2856)Updating files:  66% (1885/2856)Updating files:  67% (1914/2856)Updating files:  68% (1943/2856)Updating files:  69% (1971/2856)Updating files:  70% (2000/2856)Updating files:  71% (2028/2856)Updating files:  72% (2057/2856)Updating files:  73% (2085/2856)Updating files:  74% (2114/2856)Updating files:  75% (2142/2856)Updating files:  76% (2171/2856)Updating files:  77% (2200/2856)Updating files:  78% (2228/2856)Updating files:  79% (2257/2856)Updating files:  80% (2285/2856)error: unable to create file test/Abp.BlobStoring.FileSystem.Tests/Abp/BlobStoring/FileSystem/DefaultFileSystemBlobNamingNormalizerProvider_Tests.cs: Filename too long
Updating files:  81% (2314/2856)Updating files:  82% (2342/2856)Updating files:  83% (2371/2856)Updating files:  84% (2400/2856)Updating files:  85% (2428/2856)Updating files:  86% (2457/2856)Updating files:  87% (2485/2856)Updating files:  88% (2514/2856)Updating files:  89% (2542/2856)Updating files:  90% (2571/2856)Updating files:  91% (2599/2856)Updating files:  92% (2628/2856)Updating files:  93% (2657/2856)Updating files:  94% (2685/2856)Updating files:  95% (2714/2856)Updating files:  96% (2742/2856)Updating files:  97% (2771/2856)Updating files:  98% (2799/2856)Updating files:  99% (2828/2856)Updating files: 100% (2856/2856)Updating files: 100% (2856/2856), done.
fatal: unable to checkout working tree
warning: Clone succeeded, but checkout failed.
You can inspect what was checked out with 'git status'
and retry with 'git restore --source=HEAD :/'

"
https://github.com/LuckyPennySoftware/MediatR,11831,main,be61f5a415965bf81893a05b25e0c4936079f35c,repos\LuckyPennySoftware__MediatR,True,True,2,xunit,106,3083,True,
https://github.com/microsoft/garnet,11683,main,ad211b94ad386f533c9af1a2cd7f2a0e3e17515b,repos\microsoft__garnet,True,True,5,nunit,4492,128424,True,
https://github.com/mono/mono,11419,main,,,False,False,0,,0,0,False,"evaluation_error:Git clone failed: Cloning into 'repos\mono__mono'...
Updating files:   3% (2004/54471)Updating files:   4% (2179/54471)Updating files:   5% (2724/54471)Updating files:   6% (3269/54471)Updating files:   7% (3813/54471)Updating files:   7% (3899/54471)Updating files:   8% (4358/54471)Updating files:   9% (4903/54471)error: unable to create file mcs/class/System.ComponentModel.Composition.4.5/src/ComponentModel/System/ComponentModel/Composition/AttributedModel/AttributedExportDefinition.cs: Filename too long
error: unable to create file mcs/class/System.ComponentModel.Composition.4.5/src/ComponentModel/System/ComponentModel/Composition/AttributedModel/AttributedPartCreationInfo.cs: Filename too long
error: unable to create file mcs/class/System.ComponentModel.Composition.4.5/src/ComponentModel/System/ComponentModel/Composition/Hosting/CatalogExportProvider.CatalogChangeProxy.cs: Filename too long
error: unable to create file mcs/class/System.ComponentModel.Composition.4.5/src/ComponentModel/System/ComponentModel/Composition/Hosting/CatalogExportProvider.CatalogExport.cs: Filename too long
error: unable to create file mcs/class/System.ComponentModel.Composition.4.5/src/ComponentModel/System/ComponentModel/Composition/Hosting/CatalogExportProvider.FactoryExport.cs: Filename too long
error: unable to create file mcs/class/System.ComponentModel.Composition.4.5/src/ComponentModel/System/ComponentModel/Composition/Hosting/CatalogExportProvider.PartCreatorExport.cs: Filename too long
error: unable to create file mcs/class/System.ComponentModel.Composition.4.5/src/ComponentModel/System/ComponentModel/Composition/Hosting/CatalogExportProvider.ScopeFactoryExport.cs: Filename too long
error: unable to create file mcs/class/System.ComponentModel.Composition.4.5/src/ComponentModel/System/ComponentModel/Composition/Hosting/CatalogExportProvider.ScopeManager.cs: Filename too long
error: unable to create file mcs/class/System.ComponentModel.Composition.4.5/src/ComponentModel/System/ComponentModel/Composition/Hosting/ComposablePartCatalogChangeEventArgs.cs: Filename too long
error: unable to create file mcs/class/System.ComponentModel.Composition.4.5/src/ComponentModel/System/ComponentModel/Composition/Hosting/CompositionBatch.SingleExportComposablePart.cs: Filename too long
error: unable to create file mcs/class/System.ComponentModel.Composition.4.5/src/ComponentModel/System/ComponentModel/Composition/Hosting/CompositionContainer.CompositionServiceShim.cs: Filename too long
error: unable to create file mcs/class/System.ComponentModel.Composition.4.5/src/ComponentModel/System/ComponentModel/Composition/Hosting/CompositionScopeDefinitionDebuggerProxy.cs: Filename too long
error: unable to create file mcs/class/System.ComponentModel.Composition.4.5/src/ComponentModel/System/ComponentModel/Composition/Hosting/DirectoryCatalog.DirectoryCatalogDebuggerProxy.cs: Filename too long
error: unable to create file mcs/class/System.ComponentModel.Composition.4.5/src/ComponentModel/System/ComponentModel/Composition/Hosting/ExportProvider.GetExportOverrides.cs: Filename too long
error: unable to create file mcs/class/System.ComponentModel.Composition.4.5/src/ComponentModel/System/ComponentModel/Composition/Hosting/FilteredCatalog.DependenciesTraversal.cs: Filename too long
error: unable to create file mcs/class/System.ComponentModel.Composition.4.5/src/ComponentModel/System/ComponentModel/Composition/Hosting/FilteredCatalog.DependentsTraversal.cs: Filename too long
error: unable to create file mcs/class/System.ComponentModel.Composition.4.5/src/ComponentModel/System/ComponentModel/Composition/Hosting/FilteredCatalog.IComposablePartCatalogTraversal.cs: Filename too long
error: unable to create file mcs/class/System.ComponentModel.Composition.4.5/src/ComponentModel/System/ComponentModel/Composition/Hosting/INotifyComposablePartCatalogChanged.cs: Filename too long
error: unable to create file mcs/class/System.ComponentModel.Composition.4.5/src/ComponentModel/System/ComponentModel/Composition/Hosting/ImportEngine.RecompositionManager.cs: Filename too long
error: unable to create file mcs/class/System.ComponentModel.Composition.4.5/src/ComponentModel/System/ComponentModel/Composition/Hosting/ImportSourceImportDefinitionHelpers.cs: Filename too long
error: unable to create file mcs/class/System.ComponentModel.Composition.4.5/src/ComponentModel/System/ComponentModel/Composition/ImportCardinalityMismatchExceptionDebuggerProxy.cs: Filename too long
error: unable to create file mcs/class/System.ComponentModel.Composition.4.5/src/ComponentModel/System/ComponentModel/Composition/Primitives/ComposablePartCatalogDebuggerProxy.cs: Filename too long
error: unable to create file mcs/class/System.ComponentModel.Composition.4.5/src/ComponentModel/System/ComponentModel/Composition/Primitives/ComposablePartExceptionDebuggerProxy.cs: Filename too long
error: unable to create file mcs/class/System.ComponentModel.Composition.4.5/src/ComponentModel/System/ComponentModel/Composition/Primitives/CompositionElementDebuggerProxy.cs: Filename too long
error: unable to create file mcs/class/System.ComponentModel.Composition.4.5/src/ComponentModel/System/ComponentModel/Composition/Primitives/SerializableCompositionElement.cs: Filename too long
error: unable to create file mcs/class/System.ComponentModel.Composition.4.5/src/ComponentModel/System/ComponentModel/Composition/ReflectionModel/DisposableReflectionComposablePart.cs: Filename too long
error: unable to create file mcs/class/System.ComponentModel.Composition.4.5/src/ComponentModel/System/ComponentModel/Composition/ReflectionModel/ExportfactoryCreator.LifetimeContext.cs: Filename too long
error: unable to create file mcs/class/System.ComponentModel.Composition.4.5/src/ComponentModel/System/ComponentModel/Composition/ReflectionModel/GenericSpecializationPartCreationInfo.cs: Filename too long
error: unable to create file mcs/class/System.ComponentModel.Composition.4.5/src/ComponentModel/System/ComponentModel/Composition/ReflectionModel/IReflectionPartCreationInfo.cs: Filename too long
error: unable to create file mcs/class/System.ComponentModel.Composition.4.5/src/ComponentModel/System/ComponentModel/Composition/ReflectionModel/PartCreatorExportDefinition.cs: Filename too long
error: unable to create file mcs/class/System.ComponentModel.Composition.4.5/src/ComponentModel/System/ComponentModel/Composition/ReflectionModel/PartCreatorMemberImportDefinition.cs: Filename too long
error: unable to create file mcs/class/System.ComponentModel.Composition.4.5/src/ComponentModel/System/ComponentModel/Composition/ReflectionModel/PartCreatorParameterImportDefinition.cs: Filename too long
error: unable to create file mcs/class/System.ComponentModel.Composition.4.5/src/ComponentModel/System/ComponentModel/Composition/ReflectionModel/ReflectionComposablePartDefinition.cs: Filename too long
error: unable to create file mcs/class/System.ComponentModel.Composition.4.5/src/ComponentModel/System/ComponentModel/Composition/ReflectionModel/ReflectionImportDefinition.cs: Filename too long
error: unable to create file mcs/class/System.ComponentModel.Composition.4.5/src/ComponentModel/System/ComponentModel/Composition/ReflectionModel/ReflectionMemberExportDefinition.cs: Filename too long
error: unable to create file mcs/class/System.ComponentModel.Composition.4.5/src/ComponentModel/System/ComponentModel/Composition/ReflectionModel/ReflectionMemberImportDefinition.cs: Filename too long
error: unable to create file mcs/class/System.ComponentModel.Composition.4.5/src/ComponentModel/System/ComponentModel/Composition/ReflectionModel/ReflectionParameterImportDefinition.cs: Filename too long
Updating files:  10% (5448/54471)error: unable to create file mcs/class/System.ComponentModel.DataAnnotations/Documentation/en/System.ComponentModel.DataAnnotations/AssociatedMetadataTypeTypeDescriptionProvider.xml: Filename too long
Updating files:  11% (5992/54471)Updating files:  11% (6001/54471)Updating files:  12% (6537/54471)Updating files:  13% (7082/54471)Updating files:  14% (7626/54471)Updating files:  14% (7924/54471)Updating files:  15% (8171/54471)Updating files:  16% (8716/54471)Updating files:  17% (9261/54471)Updating files:  18% (9805/54471)Updating files:  18% (9898/54471)Updating files:  19% (10350/54471)error: unable to create file mcs/class/System.Runtime.Serialization/Test/Resources/FrameworkTypes/System.Security.Cryptography.X509Certificates.X500DistinguishedNameFlags.xml: Filename too long
error: unable to create file mcs/class/System.Runtime.Serialization/Test/Resources/FrameworkTypes/System.Security.Cryptography.X509Certificates.X509SubjectKeyIdentifierHashAlgorithm.xml: Filename too long
Updating files:  20% (10895/54471)Updating files:  21% (11439/54471)Updating files:  21% (11913/54471)Updating files:  22% (11984/54471)Updating files:  23% (12529/54471)Updating files:  24% (13074/54471)Updating files:  25% (13618/54471)Updating files:  25% (14010/54471)Updating files:  26% (14163/54471)error: unable to create file mcs/class/System.Web.Extensions/Test/AUT/System.Web.UI.ScriptManager.RegisterClientScriptInclude/ScriptManager_RegisterClientScriptIncludeCS.aspx: Filename too long
error: unable to create file mcs/class/System.Web.Extensions/Test/AUT/System.Web.UI.UpdatePanel.CreateContentTemplateContainer/UpdatePanelCreateContentTemplateContainerCS.aspx: Filename too long
Updating files:  27% (14708/54471)Updating files:  28% (15252/54471)Updating files:  29% (15797/54471)Updating files:  29% (15829/54471)Updating files:  30% (16342/54471)Updating files:  31% (16887/54471)Updating files:  32% (17431/54471)Updating files:  32% (17860/54471)Updating files:  33% (17976/54471)Updating files:  34% (18521/54471)error: unable to create file mcs/class/System.Web/Test/mainsoft/MainsoftWebApp/System_Web_UI_WebControls/LinkButtonControlBuilder/LinkButtonControlBuilder_AllowWhitespaceLiterals_.aspx: Filename too long
error: unable to create file mcs/class/System.Web/Test/mainsoft/MainsoftWebApp/System_Web_UI_WebControls/LinkButtonControlBuilder/LinkButtonControlBuilder_AllowWhitespaceLiterals_.aspx.cs: Filename too long
Updating files:  35% (19065/54471)error: unable to create file mcs/class/System.Web/Test/mainsoft/MainsoftWebApp/System_Web_UI_WebControls/ValidationSummaryDisplayMode/ValidationSummaryDisplayMode_Enum.aspx.cs: Filename too long
error: unable to create file mcs/class/System.Web/Test/mainsoft/MainsoftWebTest/reference/_System_Web_UI_HtmlControls_HtmlContainerControl_HtmlContainerControl_InnerHtml.aspx.xml: Filename too long
error: unable to create file mcs/class/System.Web/Test/mainsoft/MainsoftWebTest/reference/_System_Web_UI_HtmlControls_HtmlContainerControl_HtmlContainerControl_InnerText.aspx.xml: Filename too long
error: unable to create file mcs/class/System.Web/Test/mainsoft/MainsoftWebTest/reference/_System_Web_UI_HtmlControls_HtmlInputButton_HtmlInputButton_CausesValidation.aspx.xml: Filename too long
error: unable to create file mcs/class/System.Web/Test/mainsoft/MainsoftWebTest/reference/_System_Web_UI_ValidationPropertyAttribute_ValidationPropertyAttribute_ctor_S.aspx.xml: Filename too long
error: unable to create file mcs/class/System.Web/Test/mainsoft/MainsoftWebTest/reference/_System_Web_UI_WebControls_CalendarSelectionMode_CalendarSelectionMode_Enum.aspx.xml: Filename too long
error: unable to create file mcs/class/System.Web/Test/mainsoft/MainsoftWebTest/reference/_System_Web_UI_WebControls_DataGridPagerStyle_DataGridPagerStyle_CopyFrom_S.aspx.xml: Filename too long
error: unable to create file mcs/class/System.Web/Test/mainsoft/MainsoftWebTest/reference/_System_Web_UI_WebControls_DataGridPagerStyle_DataGridPagerStyle_MergeWith_S.aspx.xml: Filename too long
error: unable to create file mcs/class/System.Web/Test/mainsoft/MainsoftWebTest/reference/_System_Web_UI_WebControls_DataGridPagerStyle_DataGridPagerStyle_NextPageText.aspx.xml: Filename too long
error: unable to create file mcs/class/System.Web/Test/mainsoft/MainsoftWebTest/reference/_System_Web_UI_WebControls_DataGridPagerStyle_DataGridPagerStyle_PageButtonCount.aspx.xml: Filename too long
error: unable to create file mcs/class/System.Web/Test/mainsoft/MainsoftWebTest/reference/_System_Web_UI_WebControls_DataGridPagerStyle_DataGridPagerStyle_PrevPageText.aspx.xml: Filename too long
Updating files:  36% (19610/54471)error: unable to create file mcs/class/System.Web/Test/mainsoft/MainsoftWebTest/reference/_System_Web_UI_WebControls_EditCommandColumn_EditCommandColumn_InitializeCell_TIL.aspx.xml: Filename too long
error: unable to create file mcs/class/System.Web/Test/mainsoft/MainsoftWebTest/reference/_System_Web_UI_WebControls_HyperLinkColumn_HyperLinkColumn_DataNavigateUrlField.aspx.xml: Filename too long
error: unable to create file mcs/class/System.Web/Test/mainsoft/MainsoftWebTest/reference/_System_Web_UI_WebControls_HyperLinkColumn_HyperLinkColumn_DataNavigateUrlFormatString.aspx.xml: Filename too long
error: unable to create file mcs/class/System.Web/Test/mainsoft/MainsoftWebTest/reference/_System_Web_UI_WebControls_HyperLinkColumn_HyperLinkColumn_DataTextFormatString.aspx.xml: Filename too long
error: unable to create file mcs/class/System.Web/Test/mainsoft/MainsoftWebTest/reference/_System_Web_UI_WebControls_HyperLinkColumn_HyperLinkColumn_InitializeCell_TIL.aspx.xml: Filename too long
error: unable to create file mcs/class/System.Web/Test/mainsoft/MainsoftWebTest/reference/_System_Web_UI_WebControls_TableCellCollection_TableCellCollection_AddRange_T.aspx.xml: Filename too long
error: unable to create file mcs/class/System.Web/Test/mainsoft/MainsoftWebTest/reference/_System_Web_UI_WebControls_TableCellCollection_TableCellCollection_CopyTo_AI.aspx.xml: Filename too long
error: unable to create file mcs/class/System.Web/Test/mainsoft/MainsoftWebTest/reference/_System_Web_UI_WebControls_TableCellCollection_TableCellCollection_GetCellIndex_T.aspx.xml: Filename too long
error: unable to create file mcs/class/System.Web/Test/mainsoft/MainsoftWebTest/reference/_System_Web_UI_WebControls_TableCellCollection_TableCellCollection_GetEnumerator_.aspx.xml: Filename too long
error: unable to create file mcs/class/System.Web/Test/mainsoft/MainsoftWebTest/reference/_System_Web_UI_WebControls_TableCellCollection_TableCellCollection_IsReadOnly.aspx.xml: Filename too long
error: unable to create file mcs/class/System.Web/Test/mainsoft/MainsoftWebTest/reference/_System_Web_UI_WebControls_TableCellCollection_TableCellCollection_IsSynchronized.aspx.xml: Filename too long
error: unable to create file mcs/class/System.Web/Test/mainsoft/MainsoftWebTest/reference/_System_Web_UI_WebControls_TableCellCollection_TableCellCollection_RemoveAt_I.aspx.xml: Filename too long
error: unable to create file mcs/class/System.Web/Test/mainsoft/MainsoftWebTest/reference/_System_Web_UI_WebControls_TableCellCollection_TableCellCollection_Remove_T.aspx.xml: Filename too long
error: unable to create file mcs/class/System.Web/Test/mainsoft/MainsoftWebTest/reference/_System_Web_UI_WebControls_TableCellCollection_TableCellCollection_SyncRoot.aspx.xml: Filename too long
error: unable to create file mcs/class/System.Web/Test/mainsoft/MainsoftWebTest/reference/_System_Web_UI_WebControls_TableRowCollection_TableRowCollection_AddRange_T.aspx.xml: Filename too long
error: unable to create file mcs/class/System.Web/Test/mainsoft/MainsoftWebTest/reference/_System_Web_UI_WebControls_TableRowCollection_TableRowCollection_GetEnumerator_.aspx.xml: Filename too long
error: unable to create file mcs/class/System.Web/Test/mainsoft/MainsoftWebTest/reference/_System_Web_UI_WebControls_TableRowCollection_TableRowCollection_GetRowIndex_T.aspx.xml: Filename too long
error: unable to create file mcs/class/System.Web/Test/mainsoft/MainsoftWebTest/reference/_System_Web_UI_WebControls_TableRowCollection_TableRowCollection_IsReadOnly.aspx.xml: Filename too long
error: unable to create file mcs/class/System.Web/Test/mainsoft/MainsoftWebTest/reference/_System_Web_UI_WebControls_TableRowCollection_TableRowCollection_IsSynchronized.aspx.xml: Filename too long
error: unable to create file mcs/class/System.Web/Test/mainsoft/MainsoftWebTest/reference/_System_Web_UI_WebControls_TableRowCollection_TableRowCollection_RemoveAt_I.aspx.xml: Filename too long
error: unable to create file mcs/class/System.Web/Test/mainsoft/MainsoftWebTest/reference/_System_Web_UI_WebControls_TemplateColumn_TemplateColumn_InitializeCell_TIL.aspx.xml: Filename too long
error: unable to create file mcs/class/System.Web/Test/mainsoft/MainsoftWebTest/reference/_System_Web_UI_WebControls_ValidationCompareOperator_ValidationCompareOperator_Enum.aspx.xml: Filename too long
error: unable to create file mcs/class/System.Web/Test/mainsoft/MainsoftWebTest/reference/_System_Web_UI_WebControls_ValidationSummaryDisplayMode_ValidationSummaryDisplayMode_Enum.aspx.xml: Filename too long
error: unable to create file mcs/class/System.Web/Test/mainsoft/MainsoftWebTest/reference/_System_Web_UI_WebControls_WebControl_WebControl_TableItemStyle_HorizontalAlign.aspx.xml: Filename too long
error: unable to create file mcs/class/System.Web/Test/mainsoft/MainsoftWebTest/reference/_System_Web_UI_WebControls_WebControl_WebControl_TableItemStyle_VerticalAlign.aspx.xml: Filename too long
error: unable to create file mcs/class/System.Web/Test/mainsoft/MainsoftWebTest/reference/_System_Web_UI_WebControls_WebControl_WebControl_TableStyle_HorizontalAlign.aspx.xml: Filename too long
error: unable to create file mcs/class/System.Web/Test/mainsoft/MainsoftWebTest/reference20/_System_Web_SessionState_HttpSessionState_HttpSessionState_GetEnumerator_.aspx.xml: Filename too long
error: unable to create file mcs/class/System.Web/Test/mainsoft/MainsoftWebTest/reference20/_System_Web_UI_HtmlControls_HtmlContainerControl_HtmlContainerControl_InnerHtml.aspx.xml: Filename too long
error: unable to create file mcs/class/System.Web/Test/mainsoft/MainsoftWebTest/reference20/_System_Web_UI_HtmlControls_HtmlContainerControl_HtmlContainerControl_InnerText.aspx.xml: Filename too long
error: unable to create file mcs/class/System.Web/Test/mainsoft/MainsoftWebTest/reference20/_System_Web_UI_HtmlControls_HtmlGenericControl_HtmlGenericControl_TagName.aspx.xml: Filename too long
error: unable to create file mcs/class/System.Web/Test/mainsoft/MainsoftWebTest/reference20/_System_Web_UI_HtmlControls_HtmlInputButton_HtmlInputButton_CausesValidation.aspx.xml: Filename too long
error: unable to create file mcs/class/System.Web/Test/mainsoft/MainsoftWebTest/reference20/_System_Web_UI_HtmlControls_HtmlInputImage_HtmlInputImage_CausesValidation.aspx.xml: Filename too long
Updating files:  36% (19986/54471)error: unable to create file mcs/class/System.Web/Test/mainsoft/MainsoftWebTest/reference20/_System_Web_UI_ValidationPropertyAttribute_ValidationPropertyAttribute_ctor_S.aspx.xml: Filename too long
error: unable to create file mcs/class/System.Web/Test/mainsoft/MainsoftWebTest/reference20/_System_Web_UI_WebControls_ButtonColumn_ButtonColumn_DataTextFormatString.aspx.xml: Filename too long
error: unable to create file mcs/class/System.Web/Test/mainsoft/MainsoftWebTest/reference20/_System_Web_UI_WebControls_CalendarSelectionMode_CalendarSelectionMode_Enum.aspx.xml: Filename too long
error: unable to create file mcs/class/System.Web/Test/mainsoft/MainsoftWebTest/reference20/_System_Web_UI_WebControls_DataGridPagerStyle_DataGridPagerStyle_CopyFrom_S.aspx.xml: Filename too long
error: unable to create file mcs/class/System.Web/Test/mainsoft/MainsoftWebTest/reference20/_System_Web_UI_WebControls_DataGridPagerStyle_DataGridPagerStyle_MergeWith_S.aspx.xml: Filename too long
error: unable to create file mcs/class/System.Web/Test/mainsoft/MainsoftWebTest/reference20/_System_Web_UI_WebControls_DataGridPagerStyle_DataGridPagerStyle_NextPageText.aspx.xml: Filename too long
error: unable to create file mcs/class/System.Web/Test/mainsoft/MainsoftWebTest/reference20/_System_Web_UI_WebControls_DataGridPagerStyle_DataGridPagerStyle_PageButtonCount.aspx.xml: Filename too long
error: unable to create file mcs/class/System.Web/Test/mainsoft/MainsoftWebTest/reference20/_System_Web_UI_WebControls_DataGridPagerStyle_DataGridPagerStyle_Position.aspx.xml: Filename too long
error: unable to create file mcs/class/System.Web/Test/mainsoft/MainsoftWebTest/reference20/_System_Web_UI_WebControls_DataGridPagerStyle_DataGridPagerStyle_PrevPageText.aspx.xml: Filename too long
error: unable to create file mcs/class/System.Web/Test/mainsoft/MainsoftWebTest/reference20/_System_Web_UI_WebControls_EditCommandColumn_EditCommandColumn_ButtonType.aspx.xml: Filename too long
error: unable to create file mcs/class/System.Web/Test/mainsoft/MainsoftWebTest/reference20/_System_Web_UI_WebControls_EditCommandColumn_EditCommandColumn_CancelText.aspx.xml: Filename too long
error: unable to create file mcs/class/System.Web/Test/mainsoft/MainsoftWebTest/reference20/_System_Web_UI_WebControls_EditCommandColumn_EditCommandColumn_InitializeCell_TIL.aspx.xml: Filename too long
error: unable to create file mcs/class/System.Web/Test/mainsoft/MainsoftWebTest/reference20/_System_Web_UI_WebControls_EditCommandColumn_EditCommandColumn_UpdateText.aspx.xml: Filename too long
error: unable to create file mcs/class/System.Web/Test/mainsoft/MainsoftWebTest/reference20/_System_Web_UI_WebControls_HyperLinkColumn_HyperLinkColumn_DataNavigateUrlField.aspx.xml: Filename too long
error: unable to create file mcs/class/System.Web/Test/mainsoft/MainsoftWebTest/reference20/_System_Web_UI_WebControls_HyperLinkColumn_HyperLinkColumn_DataTextFormatString.aspx.xml: Filename too long
error: unable to create file mcs/class/System.Web/Test/mainsoft/MainsoftWebTest/reference20/_System_Web_UI_WebControls_HyperLinkColumn_HyperLinkColumn_InitializeCell_TIL.aspx.xml: Filename too long
Updating files:  37% (20155/54471)error: unable to create file mcs/class/System.Web/Test/mainsoft/MainsoftWebTest/reference20/_System_Web_UI_WebControls_RadioButtonList_RadioButtonList_RepeatDirection.aspx.xml: Filename too long
error: unable to create file mcs/class/System.Web/Test/mainsoft/MainsoftWebTest/reference20/_System_Web_UI_WebControls_TableCellCollection_TableCellCollection_AddRange_T.aspx.xml: Filename too long
error: unable to create file mcs/class/System.Web/Test/mainsoft/MainsoftWebTest/reference20/_System_Web_UI_WebControls_TableCellCollection_TableCellCollection_Clear_.aspx.xml: Filename too long
error: unable to create file mcs/class/System.Web/Test/mainsoft/MainsoftWebTest/reference20/_System_Web_UI_WebControls_TableCellCollection_TableCellCollection_CopyTo_AI.aspx.xml: Filename too long
error: unable to create file mcs/class/System.Web/Test/mainsoft/MainsoftWebTest/reference20/_System_Web_UI_WebControls_TableCellCollection_TableCellCollection_GetCellIndex_T.aspx.xml: Filename too long
error: unable to create file mcs/class/System.Web/Test/mainsoft/MainsoftWebTest/reference20/_System_Web_UI_WebControls_TableCellCollection_TableCellCollection_GetEnumerator_.aspx.xml: Filename too long
error: unable to create file mcs/class/System.Web/Test/mainsoft/MainsoftWebTest/reference20/_System_Web_UI_WebControls_TableCellCollection_TableCellCollection_IsReadOnly.aspx.xml: Filename too long
error: unable to create file mcs/class/System.Web/Test/mainsoft/MainsoftWebTest/reference20/_System_Web_UI_WebControls_TableCellCollection_TableCellCollection_IsSynchronized.aspx.xml: Filename too long
error: unable to create file mcs/class/System.Web/Test/mainsoft/MainsoftWebTest/reference20/_System_Web_UI_WebControls_TableCellCollection_TableCellCollection_RemoveAt_I.aspx.xml: Filename too long
error: unable to create file mcs/class/System.Web/Test/mainsoft/MainsoftWebTest/reference20/_System_Web_UI_WebControls_TableCellCollection_TableCellCollection_Remove_T.aspx.xml: Filename too long
error: unable to create file mcs/class/System.Web/Test/mainsoft/MainsoftWebTest/reference20/_System_Web_UI_WebControls_TableCellCollection_TableCellCollection_SyncRoot.aspx.xml: Filename too long
error: unable to create file mcs/class/System.Web/Test/mainsoft/MainsoftWebTest/reference20/_System_Web_UI_WebControls_TableRowCollection_TableRowCollection_AddAt_IT.aspx.xml: Filename too long
error: unable to create file mcs/class/System.Web/Test/mainsoft/MainsoftWebTest/reference20/_System_Web_UI_WebControls_TableRowCollection_TableRowCollection_AddRange_T.aspx.xml: Filename too long
error: unable to create file mcs/class/System.Web/Test/mainsoft/MainsoftWebTest/reference20/_System_Web_UI_WebControls_TableRowCollection_TableRowCollection_CopyTo_AI.aspx.xml: Filename too long
error: unable to create file mcs/class/System.Web/Test/mainsoft/MainsoftWebTest/reference20/_System_Web_UI_WebControls_TableRowCollection_TableRowCollection_GetEnumerator_.aspx.xml: Filename too long
error: unable to create file mcs/class/System.Web/Test/mainsoft/MainsoftWebTest/reference20/_System_Web_UI_WebControls_TableRowCollection_TableRowCollection_GetRowIndex_T.aspx.xml: Filename too long
error: unable to create file mcs/class/System.Web/Test/mainsoft/MainsoftWebTest/reference20/_System_Web_UI_WebControls_TableRowCollection_TableRowCollection_IsReadOnly.aspx.xml: Filename too long
error: unable to create file mcs/class/System.Web/Test/mainsoft/MainsoftWebTest/reference20/_System_Web_UI_WebControls_TableRowCollection_TableRowCollection_IsSynchronized.aspx.xml: Filename too long
error: unable to create file mcs/class/System.Web/Test/mainsoft/MainsoftWebTest/reference20/_System_Web_UI_WebControls_TableRowCollection_TableRowCollection_RemoveAt_I.aspx.xml: Filename too long
error: unable to create file mcs/class/System.Web/Test/mainsoft/MainsoftWebTest/reference20/_System_Web_UI_WebControls_TableRowCollection_TableRowCollection_Remove_T.aspx.xml: Filename too long
error: unable to create file mcs/class/System.Web/Test/mainsoft/MainsoftWebTest/reference20/_System_Web_UI_WebControls_TableRowCollection_TableRowCollection_SyncRoot.aspx.xml: Filename too long
error: unable to create file mcs/class/System.Web/Test/mainsoft/MainsoftWebTest/reference20/_System_Web_UI_WebControls_TemplateColumn_TemplateColumn_EditItemTemplate.aspx.xml: Filename too long
error: unable to create file mcs/class/System.Web/Test/mainsoft/MainsoftWebTest/reference20/_System_Web_UI_WebControls_TemplateColumn_TemplateColumn_InitializeCell_TIL.aspx.xml: Filename too long
error: unable to create file mcs/class/System.Web/Test/mainsoft/MainsoftWebTest/reference20/_System_Web_UI_WebControls_ValidationCompareOperator_ValidationCompareOperator_Enum.aspx.xml: Filename too long
error: unable to create file mcs/class/System.Web/Test/mainsoft/MainsoftWebTest/reference20/_System_Web_UI_WebControls_ValidationSummaryDisplayMode_ValidationSummaryDisplayMode_Enum.aspx.xml: Filename too long
error: unable to create file mcs/class/System.Web/Test/mainsoft/MainsoftWebTest/reference20/_System_Web_UI_WebControls_WebControl_WebControl_TableItemStyle_HorizontalAlign.aspx.xml: Filename too long
error: unable to create file mcs/class/System.Web/Test/mainsoft/MainsoftWebTest/reference20/_System_Web_UI_WebControls_WebControl_WebControl_TableItemStyle_VerticalAlign.aspx.xml: Filename too long
error: unable to create file mcs/class/System.Web/Test/mainsoft/MainsoftWebTest/reference20/_System_Web_UI_WebControls_WebControl_WebControl_TableStyle_HorizontalAlign.aspx.xml: Filename too long
Updating files:  38% (20699/54471)Updating files:  39% (21244/54471)Updating files:  40% (21789/54471)Updating files:  40% (21877/54471)Updating files:  41% (22334/54471)Updating files:  42% (22878/54471)Updating files:  43% (23423/54471)Updating files:  43% (23807/54471)Updating files:  44% (23968/54471)Updating files:  45% (24512/54471)Updating files:  46% (25057/54471)Updating files:  47% (25602/54471)Updating files:  47% (25737/54471)Updating files:  48% (26147/54471)Updating files:  49% (26691/54471)Updating files:  50% (27236/54471)Updating files:  51% (27781/54471)Updating files:  51% (27798/54471)Updating files:  52% (28325/54471)Updating files:  53% (28870/54471)Updating files:  54% (29415/54471)Updating files:  54% (29605/54471)fatal: cannot create directory at 'mcs/class/corlib/Test/System.Runtime.Serialization.Formatters.Binary/VersionTolerantSerialization/VersionTolerantSerializationTestLib': Filename too long
warning: Clone succeeded, but checkout failed.
You can inspect what was checked out with 'git status'
and retry with 'git restore --source=HEAD :/'

"
https://github.com/dotnet/BenchmarkDotNet,11334,master,,,False,False,0,,0,0,False,"evaluation_error:Git clone failed: Cloning into 'repos\dotnet__BenchmarkDotNet'...
error: unable to create file tests/BenchmarkDotNet.IntegrationTests.ManualRunning.MultipleFrameworks/BenchmarkDotNet.IntegrationTests.ManualRunning.MultipleFrameworks.csproj: Filename too long
error: unable to create file tests/BenchmarkDotNet.Tests/Attributes/VerifiedFiles/ParamsAllValuesVerifyTests.BenchmarkShouldProduceSummary_WithAllValuesOfBool.verified.txt: Filename too long
error: unable to create file tests/BenchmarkDotNet.Tests/Attributes/VerifiedFiles/ParamsAllValuesVerifyTests.BenchmarkShouldProduceSummary_WithAllValuesOfEnum.verified.txt: Filename too long
error: unable to create file tests/BenchmarkDotNet.Tests/Attributes/VerifiedFiles/ParamsAllValuesVerifyTests.BenchmarkShouldProduceSummary_WithAllValuesOfNullableBool.verified.txt: Filename too long
error: unable to create file tests/BenchmarkDotNet.Tests/Attributes/VerifiedFiles/ParamsAllValuesVerifyTests.BenchmarkShouldProduceSummary_WithAllValuesOfNullableEnum.verified.txt: Filename too long
error: unable to create file tests/BenchmarkDotNet.Tests/Attributes/VerifiedFiles/ParamsAllValuesVerifyTests.BenchmarkShouldProduceSummary_WithNotAllowedFlagsEnumError.verified.txt: Filename too long
error: unable to create file tests/BenchmarkDotNet.Tests/Attributes/VerifiedFiles/ParamsAllValuesVerifyTests.BenchmarkShouldProduceSummary_WithNotAllowedNullableTypeError.verified.txt: Filename too long
error: unable to create file tests/BenchmarkDotNet.Tests/Attributes/VerifiedFiles/ParamsAllValuesVerifyTests.BenchmarkShouldProduceSummary_WithNotAllowedTypeError.verified.txt: Filename too long
error: unable to create file tests/BenchmarkDotNet.Tests/Exporters/VerifiedFiles/MarkdownExporterVerifyTests.GroupExporterTest_Escape_ParamsAndArguments.verified.txt: Filename too long
error: unable to create file tests/BenchmarkDotNet.Tests/Exporters/VerifiedFiles/MarkdownExporterVerifyTests.GroupExporterTest_HideColumns_TableMarkDown.verified.txt: Filename too long
error: unable to create file tests/BenchmarkDotNet.Tests/Exporters/VerifiedFiles/MarkdownExporterVerifyTests.GroupExporterTest_Invalid_TwoJobBaselines.verified.txt: Filename too long
error: unable to create file tests/BenchmarkDotNet.Tests/Exporters/VerifiedFiles/MarkdownExporterVerifyTests.GroupExporterTest_Invalid_TwoMethodBaselines.verified.txt: Filename too long
error: unable to create file tests/BenchmarkDotNet.Tests/Exporters/VerifiedFiles/MarkdownExporterVerifyTests.GroupExporterTest_JobBaseline_MethodsJobs.verified.txt: Filename too long
error: unable to create file tests/BenchmarkDotNet.Tests/Exporters/VerifiedFiles/MarkdownExporterVerifyTests.GroupExporterTest_JobBaseline_MethodsParamsJobs.verified.txt: Filename too long
error: unable to create file tests/BenchmarkDotNet.Tests/Exporters/VerifiedFiles/MarkdownExporterVerifyTests.GroupExporterTest_MethodBaseline_Methods.verified.txt: Filename too long
error: unable to create file tests/BenchmarkDotNet.Tests/Exporters/VerifiedFiles/MarkdownExporterVerifyTests.GroupExporterTest_MethodBaseline_MethodsJobs.verified.txt: Filename too long
error: unable to create file tests/BenchmarkDotNet.Tests/Exporters/VerifiedFiles/MarkdownExporterVerifyTests.GroupExporterTest_MethodBaseline_MethodsParams.verified.txt: Filename too long
error: unable to create file tests/BenchmarkDotNet.Tests/Exporters/VerifiedFiles/MarkdownExporterVerifyTests.GroupExporterTest_MethodBaseline_MethodsParamsJobs.verified.txt: Filename too long
error: unable to create file tests/BenchmarkDotNet.Tests/Exporters/VerifiedFiles/MarkdownExporterVerifyTests.GroupExporterTest_MethodJobBaseline_MethodsJobs.verified.txt: Filename too long
error: unable to create file tests/BenchmarkDotNet.Tests/Exporters/VerifiedFiles/MarkdownExporterVerifyTests.GroupExporterTest_MethodJobBaseline_MethodsJobsParams.verified.txt: Filename too long
error: unable to create file tests/BenchmarkDotNet.Tests/Exporters/VerifiedFiles/MarkdownExporterVerifyTests.GroupExporterTest_NoBaseline_MethodsParamsJobs.verified.txt: Filename too long
error: unable to create file tests/BenchmarkDotNet.Tests/Exporters/VerifiedFiles/MarkdownExporterVerifyTests.GroupExporterTest_NoBaseline_MethodsParamsJobs_GroupByAll.verified.txt: Filename too long
error: unable to create file tests/BenchmarkDotNet.Tests/Exporters/VerifiedFiles/MarkdownExporterVerifyTests.GroupExporterTest_NoBaseline_MethodsParamsJobs_GroupByCategory.verified.txt: Filename too long
error: unable to create file tests/BenchmarkDotNet.Tests/Exporters/VerifiedFiles/MarkdownExporterVerifyTests.GroupExporterTest_NoBaseline_MethodsParamsJobs_GroupByJob.verified.txt: Filename too long
error: unable to create file tests/BenchmarkDotNet.Tests/Exporters/VerifiedFiles/MarkdownExporterVerifyTests.GroupExporterTest_NoBaseline_MethodsParamsJobs_GroupByMethod.verified.txt: Filename too long
error: unable to create file tests/BenchmarkDotNet.Tests/Exporters/VerifiedFiles/MarkdownExporterVerifyTests.GroupExporterTest_NoBaseline_MethodsParamsJobs_GroupByParams.verified.txt: Filename too long
fatal: unable to checkout working tree
warning: Clone succeeded, but checkout failed.
You can inspect what was checked out with 'git status'
and retry with 'git restore --source=HEAD :/'

"
https://github.com/OdysseusYuan/LKY_OfficeTools,11285,master,6f9a1bd471918f3310e6be4a6d7f42d0d6e467cf,repos\OdysseusYuan__LKY_OfficeTools,False,False,0,,0,4400,False,build_failed|no_tests|too_few_methods(0<10)
https://github.com/JamesNK/Newtonsoft.Json,11257,master,e5f67150a0a2cd6fafcee483add00c1bb0fae306,repos\JamesNK__Newtonsoft.Json,False,True,3,"nunit,xunit",4487,125636,False,build_failed
https://github.com/chocolatey/choco,11215,develop,,,False,False,0,,0,0,False,"evaluation_error:Git clone failed: Cloning into 'repos\chocolatey__choco'...
fatal: cannot create directory at 'src/chocolatey.tests.integration/context/dependencies/conflict_with_dependency_tree/childdependencywithlooserversiondependency': Filename too long
warning: Clone succeeded, but checkout failed.
You can inspect what was checked out with 'git status'
and retry with 'git restore --source=HEAD :/'

"
https://github.com/spectreconsole/spectre.console,11110,main,,,False,False,0,,0,0,False,"evaluation_error:Git clone failed: Cloning into 'repos\spectreconsole__spectre.console'...
fatal: cannot create directory at 'src/Spectre.Console.Ansi/Generated/Spectre.Console.SourceGenerator/Spectre.Console.SourceGenerator.Colors.ColorGenerator': Filename too long
warning: Clone succeeded, but checkout failed.
You can inspect what was checked out with 'git status'
and retry with 'git restore --source=HEAD :/'

"
https://github.com/lucasg/Dependencies,11098,master,1997a40000b77bd3326cbc33672a7b9f78bb23f3,repos\lucasg__Dependencies,True,True,2,,258,12246,True,
https://github.com/coding-horror/basic-computer-games,11039,main,6f10b8f5ece56766d0353978cb5ec8f5c7bc1056,repos\coding-horror__basic-computer-games,False,True,5,"mstest,xunit",712,23980,False,build_failed
https://github.com/dotnet/orleans,10689,main,989906dbeb350ee3802b107ab1f42cbd4910ceaa,repos\dotnet__orleans,True,True,45,xunit,10721,166865,True,
https://github.com/gui-cs/Terminal.Gui,10673,v2_develop,80e99cdaa7e5bb6210ab8cfe04a909ef6f3749ac,repos\gui-cs__Terminal.Gui,True,True,8,xunit,1463,87033,True,
https://github.com/mRemoteNG/mRemoteNG,10515,v1.78.2-dev,c7f831e9f9216f2cee95c3c6cbcb0db608db11a3,repos\mRemoteNG__mRemoteNG,False,True,2,nunit,3848,194116,False,build_failed
https://github.com/File-New-Project/EarTrumpet,10451,master,ae5c5fb9fc1ce3cc44782a786e641f988e974eec,repos\File-New-Project__EarTrumpet,False,False,0,,369,15796,False,build_failed|no_tests
https://github.com/Cysharp/UniTask,10438,master,73a63b7f672b88f7e9992f6917eb458a8cbb6fa9,repos\Cysharp__UniTask,True,True,1,xunit,2649,66483,True,
https://github.com/dodyg/practical-aspnetcore,10343,net8.0,,,False,False,0,,0,0,False,"evaluation_error:Git clone failed: Cloning into 'repos\dodyg__practical-aspnetcore'...
Updating files:  32% (1484/4571)Updating files:  33% (1509/4571)Updating files:  34% (1555/4571)Updating files:  35% (1600/4571)Updating files:  36% (1646/4571)Updating files:  37% (1692/4571)Updating files:  38% (1737/4571)Updating files:  39% (1783/4571)Updating files:  40% (1829/4571)Updating files:  41% (1875/4571)Updating files:  42% (1920/4571)Updating files:  43% (1966/4571)Updating files:  44% (2012/4571)Updating files:  45% (2057/4571)Updating files:  46% (2103/4571)Updating files:  47% (2149/4571)Updating files:  48% (2195/4571)Updating files:  49% (2240/4571)Updating files:  50% (2286/4571)Updating files:  51% (2332/4571)Updating files:  52% (2377/4571)Updating files:  53% (2423/4571)Updating files:  54% (2469/4571)Updating files:  55% (2515/4571)Updating files:  56% (2560/4571)Updating files:  57% (2606/4571)Updating files:  58% (2652/4571)Updating files:  59% (2697/4571)Updating files:  60% (2743/4571)Updating files:  61% (2789/4571)Updating files:  62% (2835/4571)Updating files:  63% (2880/4571)Updating files:  64% (2926/4571)Updating files:  65% (2972/4571)Updating files:  66% (3017/4571)Updating files:  67% (3063/4571)Updating files:  67% (3072/4571)Updating files:  68% (3109/4571)Updating files:  69% (3154/4571)Updating files:  70% (3200/4571)Updating files:  71% (3246/4571)Updating files:  72% (3292/4571)Updating files:  73% (3337/4571)Updating files:  74% (3383/4571)Updating files:  75% (3429/4571)error: unable to create file projects/minimal-hosting/web-application-builder-change-default-web-root-folder/web-application-builder-change-default-web-root-folder.csproj: Filename too long
error: unable to create file projects/minimal-hosting/web-application-builder-logging-set-minimum-level/web-application-builder-logging-set-minimum-level.csproj: Filename too long
Updating files:  76% (3474/4571)error: unable to create file projects/minimal-hosting/web-application-options-change-content-root-path/web-application-options-change-content-root-path.csproj: Filename too long
Updating files:  77% (3520/4571)Updating files:  78% (3566/4571)Updating files:  79% (3612/4571)fatal: cannot create directory at 'projects/mvc/razor-class-library/razor-class-library-with-controllers/src/RazorClassLibrary1/Areas/MyFeature/Controllers': Filename too long
warning: Clone succeeded, but checkout failed.
You can inspect what was checked out with 'git status'
and retry with 'git restore --source=HEAD :/'

"
https://github.com/cefsharp/CefSharp,10205,master,dcde2787405881a70884d67a9be2246e56614482,repos\cefsharp__CefSharp,False,True,2,xunit,2213,110009,False,build_failed
https://github.com/LuckyPennySoftware/AutoMapper,10203,main,17d519da8d4e1b123f18d15fe1b92a9374123297,repos\LuckyPennySoftware__AutoMapper,True,True,4,xunit,2179,54586,True,
https://github.com/MudBlazor/MudBlazor,10064,dev,b61b3f54c49bfa7c548d5affa08a9a0a2fcf0ea8,repos\MudBlazor__MudBlazor,False,True,6,nunit,4850,126197,False,build_failed
https://github.com/Tyrrrz/DiscordChatExporter,10058,master,95953f8cf0ac551fb46c8e3cb7a3226c8e490629,repos\Tyrrrz__DiscordChatExporter,True,True,1,xunit,245,16655,True,
https://github.com/YSGStudyHards/DotNetGuide,9995,main,769cda04e2fde5ef7d051b06026d144647af317a,repos\YSGStudyHards__DotNetGuide,False,False,0,,104,2322,False,build_failed|no_tests
https://github.com/HangfireIO/Hangfire,9990,main,659b7001910839074309b1776fffb845e4490576,repos\HangfireIO__Hangfire,False,True,3,,1111,33428,False,build_failed
https://github.com/dotnet/eShop,9974,main,5624ad564d1602a927879df32a79b94522eb6101,repos\dotnet__eShop,False,True,5,"mstest,xunit",483,17753,False,build_failed
https://github.com/nopSolutions/nopCommerce,9952,develop,bc082f28db0ef5732804ce3de0f56dfdc1c4fe59,repos\nopSolutions__nopCommerce,False,True,1,nunit,5285,201095,False,build_failed
https://github.com/restsharp/RestSharp,9819,dev,13b0425ece77e997abc6c71745b92c46fbd237f4,repos\restsharp__RestSharp,True,True,8,,330,4845,True,
https://github.com/0x7c13/Notepads,9809,master,39a2159ca24d2c04889b651c41889c72a7a9db43,repos\0x7c13__Notepads,False,False,0,,299,23427,False,build_failed|no_tests
https://github.com/Kyome22/RunCat365,9799,main,02611171f47a8ba2281f6ff9fedcaaa092b940a8,repos\Kyome22__RunCat365,False,False,0,,8,2766,False,build_failed|no_tests|too_few_methods(8<10)
https://github.com/unoplatform/uno,9792,master,,,False,False,0,,0,0,False,"evaluation_error:Git clone failed: Cloning into 'repos\unoplatform__uno'...
Updating files:   5% (1368/22948)Updating files:   6% (1377/22948)Updating files:   7% (1607/22948)Updating files:   8% (1836/22948)Updating files:   9% (2066/22948)Updating files:  10% (2295/22948)Updating files:  11% (2525/22948)error: unable to create file src/SamplesApp/UITests.Shared/Microsoft_UI_Xaml_Controls/NavigationViewTests/CustomResources/NavigationViewCustomThemeResourcesPage.xaml.cs: Filename too long
Updating files:  12% (2754/22948)Updating files:  13% (2984/22948)Updating files:  13% (3147/22948)Updating files:  14% (3213/22948)Updating files:  15% (3443/22948)Updating files:  16% (3672/22948)Updating files:  17% (3902/22948)Updating files:  18% (4131/22948)Updating files:  19% (4361/22948)Updating files:  20% (4590/22948)Updating files:  21% (4820/22948)Updating files:  22% (5049/22948)Updating files:  22% (5159/22948)Updating files:  23% (5279/22948)Updating files:  24% (5508/22948)Updating files:  25% (5737/22948)error: unable to create file src/SolutionTemplate/UnoAppWinUILinuxValidation/UnoAppWinUILinuxValidation.Skia.Linux.FrameBuffer/UnoAppWinUILinuxValidation.Skia.Linux.FrameBuffer.csproj: Filename too long
Updating files:  26% (5967/22948)error: unable to create file src/SolutionTemplate/UnoAppWinUILinuxValidation/UnoAppWinUILinuxValidation.Windows/Images/Square44x44Logo.targetsize-24_altform-unplated.png: Filename too long
Updating files:  27% (6196/22948)fatal: cannot create directory at 'src/SourceGenerators/Uno.UI.SourceGenerators.Tests/MetadataUpdateTests/Scenarios/When_Base_Type_Page_To_UserControl_To_Page/0/p1': Filename too long
warning: Clone succeeded, but checkout failed.
You can inspect what was checked out with 'git status'
and retry with 'git restore --source=HEAD :/'

"
https://github.com/MahApps/MahApps.Metro,9760,develop,4cd8884f679f7c05284884db6bb123620543b4cd,repos\MahApps__MahApps.Metro,False,True,1,nunit,836,36080,False,build_failed
https://github.com/Kareadita/Kavita,9723,develop,0987bf8951be2b10ac4de1f33634129442d39cc1,repos\Kareadita__Kavita,True,True,2,xunit,3248,386694,True,
https://github.com/egametang/ET,9650,release9.0,9bcbf5d184f5c114123409cfee3033fbcb8c4123,repos\egametang__ET,False,False,0,,115,5086,False,build_failed|no_tests
https://github.com/FluentValidation/FluentValidation,9616,main,a712e36fdb3b5fc92559c0d19367bf3b046d4e8d,repos\FluentValidation__FluentValidation,True,True,2,xunit,1195,15796,True,
https://github.com/studyzy/imewlconverter,9599,master,14d26bf9a36f209cb2a2697cb5e6aa76bace8c40,repos\studyzy__imewlconverter,False,True,2,nunit,379,18375,False,build_failed
https://github.com/bchavez/Bogus,9578,master,6ece18c5c22648ab4606e45a0aaf2f07fc5259e4,repos\bchavez__Bogus,False,True,1,xunit,1019,17530,False,build_failed
https://github.com/felixse/FluentTerminal,9564,master,ba83ec485eea8d8ee65825711731300bee2e76ed,repos\felixse__FluentTerminal,False,True,1,xunit,561,23668,False,build_failed
